id;first_name;middle_name;last_name;full_name;role;era;bio;voice_id;voice_provider;voice_settings;tags;image_url;metadata;created_at;updated_at;character_type
f7387eb7-89f5-4ab8-8109-162435c24b6c;Black;;Hawk;Black Hawk;Lakota Chief;1870s;Black Hawk was a revered Lakota chief known throughout the Great Plains for his wisdom in diplomacy and his unwavering commitment to his people during the turbulent years of western expansion. Born in the Dakota Territory, he witnessed the dramatic changes brought by settlers and worked tirelessly to preserve his people's way of life while seeking peaceful coexistence.;bIHbv24MWmeRgasZH58o;elevenlabs;{};"[""Native American"",""Chief"",""Lakota"",""Leader""]";https://pvlqwxkgovjwqhpqnssl.supabase.co/storage/v1/object/public/actor-images/portraits/f7387eb7-89f5-4ab8-8109-162435c24b6c-1764645320211.png;{};2025-11-29 06:56:27.171215+00;2025-12-02 05:55:04.881286+00;professional
b0e2dfa7-dd56-4c96-91b4-394077954480;Sarah;;McCoy;Sarah McCoy;Frontier Settler;1880s;Sarah Jane McCoy was one of the first women to establish a trading post in the Dakota Territory. Strong-willed and resourceful, she built relationships with both settlers and Native American tribes, becoming a respected figure in the frontier community. Her trading post became a hub for news, supplies, and cultural exchange in the harsh wilderness.;EXAVITQu4vr4xnSDxMaL;elevenlabs;{};"[""Settler"",""Frontier Woman"",""Trader"",""Pioneer""]";https://pvlqwxkgovjwqhpqnssl.supabase.co/storage/v1/object/public/actor-images/portraits/b0e2dfa7-dd56-4c96-91b4-394077954480-1764645319167.png;{};2025-11-29 06:56:27.171215+00;2025-12-02 05:55:04.881286+00;professional
4c1e48bb-8c2d-418b-84df-0453d0e3689f;Jake;;Morrison;Jake Morrison;Reformed Outlaw;1890s;"Jake ""Wild"" Morrison started as a notorious outlaw riding with various gangs across the frontier, but a chance encounter with a frontier preacher changed his path. He hung up his guns, established a cattle ranch, and became known for his quick draw turned into quick wit. His colorful past made him a local legend and his redemption story inspired many settlers in the region.";TX3LPaxmHKxFdv7VOQHJ;elevenlabs;{};"[""Cowboy"",""Outlaw"",""Rancher"",""Reformed""]";https://pvlqwxkgovjwqhpqnssl.supabase.co/storage/v1/object/public/actor-images/portraits/4c1e48bb-8c2d-418b-84df-0453d0e3689f-1764645323069.png;{};2025-11-29 06:56:27.171215+00;2025-12-02 05:55:04.881286+00;professional
f293ce10-b97b-4161-87ce-8f54ae97e024;Black;;Elk;Black Elk;Lakota Holy Man;1880s;A revered Lakota spiritual leader blessed with powerful visions that guide his people toward understanding their place in the changing world. His ceremonies and teachings help maintain the sacred connection between the Lakota people and the spirits of their ancestors.;;elevenlabs;{};[];;{};2025-12-02 03:47:32.896582+00;2025-12-02 05:55:04.881286+00;professional
2116028a-ed8c-4aa7-b398-89f6fa31a3a5;Mountain;;Dawn;Mountain Dawn;Shoshone Maiden;1870s;A beautiful twenty-year-old Shoshone woman whose traditional dress features intricate beadwork and dentalium shell decorations. Her knowledge of mountain plants and herbs adds to her appeal.;;elevenlabs;{};[];;{};2025-12-02 03:54:20.587673+00;2025-12-02 05:55:04.881286+00;professional
3273e5ac-449d-4a07-96e2-48c6afa7d827;Silver;;Sage;Silver Sage;Shoshone Healer;1870s;A striking twenty-seven-year-old healer who wears traditional Shoshone clothing decorated with medicine symbols and carries pouches of sacred herbs. Her healing touch and beauty bring comfort to many.;;elevenlabs;{};[];;{};2025-12-02 03:54:20.587673+00;2025-12-02 05:55:04.881286+00;professional
7f95083e-9088-4a63-bd7f-7b5afedfbb1b;Morning;;Mist;Morning Mist;Pawnee Maiden;1880s;An eighteen-year-old Pawnee beauty whose dress features elaborate geometric beadwork and brass ornaments. She embodies the grace and strength of Pawnee women.;;elevenlabs;{};[];;{};2025-12-02 03:54:20.587673+00;2025-12-02 05:55:04.881286+00;professional
425c709a-b3d6-4731-a168-9b16f92c4ef6;Running;;Bear;Running Bear;Apache Warrior;1860s;Running Bear earned his name through his legendary speed and endurance as an Apache warrior and scout. Respected by both his people and the cavalry officers who worked with him, he navigated the complex politics of the era with intelligence and honor. His knowledge of the land and diplomatic skills made him invaluable during negotiations between Apache bands and military forts.;JBFqnCBsd6RMkjVDRZzb;elevenlabs;{};"[""Native American"",""Warrior"",""Apache"",""Scout""]";https://pvlqwxkgovjwqhpqnssl.supabase.co/storage/v1/object/public/actor-images/portraits/425c709a-b3d6-4731-a168-9b16f92c4ef6-1764645321287.png;{};2025-11-29 06:56:27.171215+00;2025-12-02 05:55:04.881286+00;professional
c7a8c301-e561-40c3-a1e4-9c32fd2edeb1;Walks With;;Thunder;Walks With Thunder;Lakota Warrior;1870s;A brave and honorable Lakota warrior known throughout the plains for his strategic brilliance in battle and unwavering loyalty to his people. He carries the wisdom of his ancestors and fights to protect the sacred lands of his tribe against encroaching settlers while maintaining the old ways.;;elevenlabs;{};[];;{};2025-12-02 03:47:32.896582+00;2025-12-02 05:55:04.881286+00;professional
1f602b80-2720-4a07-a2dd-e0cd3d447c1a;Morning;;Star;Morning Star;Cheyenne Medicine Woman;1870s;A deeply respected healer and spiritual guide for the Cheyenne tribe, possessing knowledge of sacred herbs and ancient rituals passed down through generations. Her visions guide her people through difficult times, and her healing touch has saved countless lives on the harsh frontier.;;elevenlabs;{};[];;{};2025-12-02 03:47:32.896582+00;2025-12-02 05:55:04.881286+00;professional
8e59e466-ee62-48b4-92e1-a3b01b51417e;Red;;Cloud;Red Cloud;Oglala Leader;1870s;A powerful and charismatic chief who led his Oglala Lakota people through some of the most turbulent times in their history. His diplomatic skills and fierce determination have earned him respect from both his own people and his adversaries in the struggle for tribal sovereignty.;;elevenlabs;{};[];;{};2025-12-02 03:47:32.896582+00;2025-12-02 05:55:04.881286+00;professional
36ed51aa-abf6-4384-992b-053a6ff0b193;White;;Feather;White Feather;Apache Scout;1870s;An exceptionally skilled tracker and negotiator who serves as a vital bridge between the Apache tribes and the encroaching settler populations. His knowledge of both cultures and his ability to read the land makes him invaluable in preventing unnecessary bloodshed.;;elevenlabs;{};[];;{};2025-12-02 03:47:32.896582+00;2025-12-02 05:55:04.881286+00;professional
486150ab-3ec7-49b7-864b-18d5c0e302a1;Standing;;Wolf;Standing Wolf;Sioux Warrior;1870s;A courageous Sioux fighter who has dedicated his life to defending the sacred tribal hunting grounds and protecting his people from those who would drive them from their ancestral lands. His bravery in battle is matched only by his devotion to preserving the traditional ways of his people.;;elevenlabs;{};[];;{};2025-12-02 03:47:32.896582+00;2025-12-02 05:55:04.881286+00;professional
93fc0070-c7d9-4101-9e05-24745aaf8af8;Silver;;Moon;Silver Moon;Comanche Storyteller;1880s;The keeper of ancient Comanche stories, songs, and traditions that stretch back through countless generations. Through her powerful oral tradition, she ensures that the wisdom and history of her people will never be forgotten, even as the world around them changes forever.;;elevenlabs;{};[];;{};2025-12-02 03:47:32.896582+00;2025-12-02 05:55:04.881286+00;professional
4175f8e0-0910-4b4b-a6b3-7b7f40fc6490;Pale;;Horse;Pale Horse;Kiowa Hunter;1870s;A legendary expert horseman and buffalo hunter whose skills are unmatched across the southern plains. His ability to read the movements of the great herds and his respectful relationship with the animals he hunts embodies the Kiowa way of life.;;elevenlabs;{};[];;{};2025-12-02 03:47:32.896582+00;2025-12-02 05:55:04.881286+00;professional
4f941fa6-1b3b-406a-bba8-9ffff2846800;Swift;;Arrow;Swift Arrow;Arapaho Warrior;1870s;A young but already legendary Arapaho warrior whose speed and accuracy with bow and lance have made him a hero among his people. His courage in battle and his commitment to protecting the Arapaho way of life inspire the younger generation to maintain their warrior traditions.;;elevenlabs;{};[];;{};2025-12-02 03:47:32.896582+00;2025-12-02 05:55:04.881286+00;professional
916f04fe-22a2-49a6-b3ea-be47581e843d;Crying;;Wind;Crying Wind;Navajo Weaver;1880s;A masterful artist who creates intricate and sacred patterns in her weaving, each design telling stories of her people and carrying spiritual significance. Her work represents the highest achievement in Navajo textile arts and preserves ancient symbols and meanings for future generations.;;elevenlabs;{};[];;{};2025-12-02 03:47:32.896582+00;2025-12-02 05:55:04.881286+00;professional
4052ae34-94cb-4c7b-8223-32e54fb90b5c;Grey;;Eagle;Grey Eagle;Crow Scout;1870s;A trusted guide whose intimate knowledge of the mountain territories makes him indispensable to both his Crow people and those who seek safe passage through treacherous terrain. His keen eyes can spot danger from miles away, and his wisdom has saved countless expeditions from disaster.;;elevenlabs;{};[];https://pvlqwxkgovjwqhpqnssl.supabase.co/storage/v1/object/public/actor-images/portraits/4052ae34-94cb-4c7b-8223-32e54fb90b5c-1764647601541.png;{};2025-12-02 03:47:52.208018+00;2025-12-02 05:55:04.881286+00;professional
5f03cd70-02f6-4c60-b4b2-8cf9286c4a18;Earth;;Singer;Earth Singer;Pawnee Farmer;1870s;At twenty-five, she tends the sacred crops while wearing traditional Pawnee clothing adorned with intricate designs. Her connection to the earth and her beauty draw admiration from all.;;elevenlabs;{};[];;{};2025-12-02 03:54:20.587673+00;2025-12-02 05:55:04.881286+00;professional
5099d2bf-a243-48f2-b275-4bcdc102c443;Broken;;Lance;Broken Lance;Pawnee Elder;1880s;A respected elder who carries within him the living memory of great battles and momentous events in Pawnee history. His scars tell stories of a lifetime spent defending his people, and his counsel is sought by warriors and chiefs alike in matters of war and peace.;;elevenlabs;{};[];https://pvlqwxkgovjwqhpqnssl.supabase.co/storage/v1/object/public/actor-images/portraits/5099d2bf-a243-48f2-b275-4bcdc102c443-1764647603813.png;{};2025-12-02 03:47:52.208018+00;2025-12-02 05:55:04.881286+00;professional
253779c4-f59d-462e-aeec-70f0f89dd670;Quiet;;Thunder;Quiet Thunder;Shoshone Hunter;1870s;A silent but deadly hunter of the plains whose ability to move without sound has earned him his name. His patience and skill in stalking game are legendary among the Shoshone, and he can survive for weeks in the harshest wilderness with nothing but his weapons and wits.;;elevenlabs;{};[];https://pvlqwxkgovjwqhpqnssl.supabase.co/storage/v1/object/public/actor-images/portraits/253779c4-f59d-462e-aeec-70f0f89dd670-1764647606375.png;{};2025-12-02 03:47:52.208018+00;2025-12-02 05:55:04.881286+00;professional
c1e723b6-6cdc-4134-93a0-b002bc3a284e;Blue;;Sky;Blue Sky;Ute Guide;1880s;An expert navigator who knows every mountain pass, hidden valley, and secret trail through the rugged Ute territories. His services are highly valued by those who must cross the mountains, and his knowledge of weather patterns and seasonal changes keeps travelers safe.;;elevenlabs;{};[];https://pvlqwxkgovjwqhpqnssl.supabase.co/storage/v1/object/public/actor-images/portraits/c1e723b6-6cdc-4134-93a0-b002bc3a284e-1764647611263.png;{};2025-12-02 03:47:52.208018+00;2025-12-02 05:55:04.881286+00;professional
56ac9b42-6b5b-4491-8212-3d054f468da0;Samuel;James;Carter;Samuel James Carter;Cattle Rancher;1880s;A successful and ambitious cattle rancher who is building a sprawling empire across the Montana territory through hard work, shrewd business deals, and an iron will. His determination to succeed in the harsh frontier environment has made him wealthy but also created tensions with neighboring ranchers and native peoples.;;elevenlabs;{};[];https://pvlqwxkgovjwqhpqnssl.supabase.co/storage/v1/object/public/actor-images/portraits/56ac9b42-6b5b-4491-8212-3d054f468da0-1764647598966.png;{};2025-12-02 03:47:52.208018+00;2025-12-02 05:55:04.881286+00;professional
e874d155-1ada-46c4-b320-7e34b0bab3ee;Elizabeth;Anne;Thornton;Elizabeth Anne Thornton;Schoolteacher;1880s;An educated and cultured woman from the East who brought the gift of learning to rough frontier towns, teaching reading, writing, and arithmetic to children who might otherwise grow up illiterate. Her dedication to education and refinement brings a touch of civilization to the wild territories.;;elevenlabs;{};[];https://pvlqwxkgovjwqhpqnssl.supabase.co/storage/v1/object/public/actor-images/portraits/e874d155-1ada-46c4-b320-7e34b0bab3ee-1764647611047.png;{};2025-12-02 03:47:52.208018+00;2025-12-02 05:55:04.881286+00;professional
5680f514-6f3f-4c79-bcea-ec63a28b3064;Margaret;Rose;Sullivan;Margaret Rose Sullivan;Saloon Owner;1880s;A sharp and capable businesswoman who runs the most successful saloon in town with a combination of charm, wit, and steely determination. Behind her warm smile lies a keen business mind that has built her establishment into the social center of the frontier community.;;elevenlabs;{};[];;{};2025-12-02 03:47:52.208018+00;2025-12-02 05:55:04.881286+00;professional
1fbd625d-6095-4aef-bec2-71f78678266a;Thomas;Edward;Bennett;Thomas Edward Bennett;U.S. Marshal;1880s;A dedicated lawman tasked with maintaining order in the lawless territories where federal authority is often the only thing standing between civilization and chaos. His courage, fast draw, and unwavering sense of justice have made him both respected and feared across the frontier.;;elevenlabs;{};[];;{};2025-12-02 03:47:52.208018+00;2025-12-02 05:55:04.881286+00;professional
2a4bdb5f-53a3-4210-a385-07b3666c28f1;Mary;Katherine;Wilson;Mary Katherine Wilson;Telegraph Operator;1880s;A vital communications link who connects isolated frontier communities to the wider world through the telegraph wire. Her quick fingers and sharp mind keep messages flowing, bringing news of births, deaths, business deals, and impending danger to those who depend on her service.;;elevenlabs;{};[];https://pvlqwxkgovjwqhpqnssl.supabase.co/storage/v1/object/public/actor-images/portraits/2a4bdb5f-53a3-4210-a385-07b3666c28f1-1764647372337.png;{};2025-12-02 03:48:07.341595+00;2025-12-02 05:55:04.881286+00;professional
21db4048-f858-4715-90e8-778660e1265b;Charles;Patrick;O'Brien;Charles Patrick O'Brien;Gold Prospector;1870s;An Irish immigrant and tireless miner who left the old country seeking fortune in the goldfields of the American West. Years of backbreaking work in mountain streams and deep mines have yet to yield the mother lode, but hope and determination keep him searching.;;elevenlabs;{};[];https://pvlqwxkgovjwqhpqnssl.supabase.co/storage/v1/object/public/actor-images/portraits/21db4048-f858-4715-90e8-778660e1265b-1764647342076.png;{};2025-12-02 03:48:07.341595+00;2025-12-02 05:55:04.881286+00;professional
2e8bf1b0-6a18-40a6-9986-12263d594019;Daniel;Joseph;Murphy;Daniel Joseph Murphy;Blacksmith;1870s;A powerfully built smith whose forge is the beating heart of the frontier town, providing horseshoes, tools, wagon repairs, and countless other essential metal goods. His strength and skill with hammer and anvil make him indispensable to the community he serves.;;elevenlabs;{};[];https://pvlqwxkgovjwqhpqnssl.supabase.co/storage/v1/object/public/actor-images/portraits/2e8bf1b0-6a18-40a6-9986-12263d594019-1764647343240.png;{};2025-12-02 03:48:07.341595+00;2025-12-02 05:55:04.881286+00;professional
d81fb53c-6487-40a5-8d9a-00c52eaba084;Sarah;Louise;Crawford;Sarah Louise Crawford;Newspaper Editor;1880s;A brave and principled journalist who documents the raw truth of frontier life through her newspaper, despite threats from those who would prefer certain stories remain untold. Her words bring literacy, information, and accountability to the growing communities of the West.;;elevenlabs;{};[];https://pvlqwxkgovjwqhpqnssl.supabase.co/storage/v1/object/public/actor-images/portraits/d81fb53c-6487-40a5-8d9a-00c52eaba084-1764647345070.png;{};2025-12-02 03:48:07.341595+00;2025-12-02 05:55:04.881286+00;professional
6396616b-fdf3-436d-b913-5b1f693b6905;Jonathan;Michael;Hayes;Jonathan Michael Hayes;Trading Post Owner;1870s;A shrewd merchant who operates a trading post serving both settler and native communities, walking a delicate line between two worlds. His business acumen and diplomatic skills make his establishment a neutral ground where diverse peoples can meet and trade in relative peace.;;elevenlabs;{};[];https://pvlqwxkgovjwqhpqnssl.supabase.co/storage/v1/object/public/actor-images/portraits/6396616b-fdf3-436d-b913-5b1f693b6905-1764647346558.png;{};2025-12-02 03:48:07.341595+00;2025-12-02 05:55:04.881286+00;professional
56e95beb-0d5f-49e8-b468-dc78942f0d54;Rebecca;Jane;Mitchell;Rebecca Jane Mitchell;Midwife;1880s;A compassionate and experienced woman who brings new life into the world under the most challenging circumstances imaginable, often with few supplies and no assistance. Her gentle hands and calm presence have welcomed hundreds of frontier babies and saved countless mothers from death in childbirth.;;elevenlabs;{};[];https://pvlqwxkgovjwqhpqnssl.supabase.co/storage/v1/object/public/actor-images/portraits/56e95beb-0d5f-49e8-b468-dc78942f0d54-1764647340022.png;{};2025-12-02 03:48:07.341595+00;2025-12-02 05:55:04.881286+00;professional
db7f666f-ad3f-48fb-ad1f-cdb28999e638;Sky;;Walker;Sky Walker;Pawnee Scout;1880s;A stunning twenty-three-year-old who scouts for her people, wearing practical yet beautiful fringed buckskin with bold patterns. Her keen eyes and graceful movements make her an excellent tracker.;;elevenlabs;{};[];;{};2025-12-02 03:54:20.587673+00;2025-12-02 05:55:04.881286+00;professional
9439b5fe-c7bd-4d36-95db-23b37c5b377b;Franklin;Theodore;Ross;Franklin Theodore Ross;Cavalry Scout;1870s;A military tracker employed by the U.S. Army to navigate the dangerous territories of the frontier, his knowledge of the land and ability to read signs makes him invaluable in military operations. His experiences have given him a complex view of the conflicts between settlers and native peoples.;;elevenlabs;{};[];https://pvlqwxkgovjwqhpqnssl.supabase.co/storage/v1/object/public/actor-images/portraits/9439b5fe-c7bd-4d36-95db-23b37c5b377b-1764647302285.png;{};2025-12-02 03:48:07.341595+00;2025-12-02 05:55:04.881286+00;professional
9719fdd7-6258-4058-9541-9fd19f341129;Martha;Ellen;Campbell;Martha Ellen Campbell;Hotel Proprietor;1880s;A welcoming hostess who runs the finest lodging establishment on the frontier, providing weary travelers with clean beds, hot meals, and a taste of civilized comfort in the wilderness. Her hotel serves as a social center where news is exchanged and deals are made over dinner.;;elevenlabs;{};[];https://pvlqwxkgovjwqhpqnssl.supabase.co/storage/v1/object/public/actor-images/portraits/9719fdd7-6258-4058-9541-9fd19f341129-1764647310397.png;{};2025-12-02 03:48:14.526438+00;2025-12-02 05:55:04.881286+00;professional
beb23065-57a9-44aa-9bbd-43e5ba6a0ac1;George;Washington;Turner;George Washington Turner;Stagecoach Driver;1870s;A fearless driver who pilots his stagecoach across treacherous routes, braving bandits, hostile warriors, and natural disasters to deliver passengers, mail, and freight to isolated communities. His skill with the reins and his steady nerve have saved his passengers from disaster countless times.;;elevenlabs;{};[];https://pvlqwxkgovjwqhpqnssl.supabase.co/storage/v1/object/public/actor-images/portraits/beb23065-57a9-44aa-9bbd-43e5ba6a0ac1-1764647307729.png;{};2025-12-02 03:48:14.526438+00;2025-12-02 05:55:04.881286+00;professional
c1f129ec-2eaf-47ab-8d48-2fef51b66219;Catherine;Marie;Hughes;Catherine Marie Hughes;Banker's Wife;1880s;A cultured and refined woman from Eastern society who is learning to adapt to the rougher realities of frontier life while maintaining her social graces. Her efforts to bring art, music, and sophisticated entertainment to the frontier help civilize the wild territories.;;elevenlabs;{};[];https://pvlqwxkgovjwqhpqnssl.supabase.co/storage/v1/object/public/actor-images/portraits/c1f129ec-2eaf-47ab-8d48-2fef51b66219-1764647312096.png;{};2025-12-02 03:48:14.526438+00;2025-12-02 05:55:04.881286+00;professional
b295bfbe-ad99-48c0-b4d1-8b9fd85613ad;Joshua;Benjamin;Foster;Joshua Benjamin Foster;Fur Trapper;1870s;A rugged mountain man who lives off the land in the most remote wilderness areas, trapping beaver, mink, and other animals for their valuable pelts. His self-reliant lifestyle and intimate knowledge of survival in harsh conditions make him a legend among those who know the mountains.;;elevenlabs;{};[];https://pvlqwxkgovjwqhpqnssl.supabase.co/storage/v1/object/public/actor-images/portraits/b295bfbe-ad99-48c0-b4d1-8b9fd85613ad-1764647312496.png;{};2025-12-02 03:48:14.526438+00;2025-12-02 05:55:04.881286+00;professional
7abd0587-9180-4769-a6df-b330b292c5d8;Emily;Victoria;Price;Emily Victoria Price;Orphanage Matron;1880s;A kind-hearted woman who dedicates her life to caring for children orphaned by the harsh realities of frontier life - disease, violence, accidents, and hardship. Her small orphanage provides shelter, education, and love to youngsters who have lost everything, giving them hope for a better future.;;elevenlabs;{};[];https://pvlqwxkgovjwqhpqnssl.supabase.co/storage/v1/object/public/actor-images/portraits/7abd0587-9180-4769-a6df-b330b292c5d8-1764647365017.png;{};2025-12-02 03:48:14.526438+00;2025-12-02 05:55:04.881286+00;professional
dd7fad9f-0c44-428e-b401-addd560fe773;Clara;Mae;Johnson;Clara Mae Johnson;Homesteader;1870s;A determined pioneer woman who stakes her claim to harsh and unforgiving land, working from dawn to dusk to break the soil, plant crops, and build a life for herself and her family. Her resilience and refusal to give up in the face of drought, locusts, and isolation embodies the homesteader spirit.;;elevenlabs;{};[];https://pvlqwxkgovjwqhpqnssl.supabase.co/storage/v1/object/public/actor-images/portraits/dd7fad9f-0c44-428e-b401-addd560fe773-1764647301273.png;{};2025-12-02 03:48:07.341595+00;2025-12-02 05:55:04.881286+00;professional
2aa86406-3ef0-4166-a4ca-1eef26945199;Robert;Lee;Anderson;Robert Lee Anderson;Frontier Doctor;1880s;A dedicated physician who brings modern medical knowledge to remote settlements where injuries and illness often meant certain death. With limited supplies and facilities, he performs miracles of healing through skill, improvisation, and sheer determination to save lives on the frontier.;;elevenlabs;{};[];https://pvlqwxkgovjwqhpqnssl.supabase.co/storage/v1/object/public/actor-images/portraits/2aa86406-3ef0-4166-a4ca-1eef26945199-1764647347999.png;{};2025-12-02 03:48:07.341595+00;2025-12-02 05:55:04.881286+00;professional
c024ac4a-6a67-485c-a0dc-086b884404cf;Butterfly;;Wing;Butterfly Wing;Blackfoot Maiden;1870s;An eighteen-year-old Blackfoot beauty whose elaborate dress features stunning geometric beadwork in traditional Blackfoot patterns. Her grace and skill in traditional crafts make her family proud.;;elevenlabs;{};[];;{};2025-12-02 03:55:09.714178+00;2025-12-02 05:55:04.881286+00;professional
8a124c27-f22b-490f-a8d1-61261cf6d849;Raven;;Song;Raven Song;Nez Perce Maiden;1880s;A captivating twenty-two-year-old whose traditional Nez Perce dress is adorned with intricate cornhusk bags and beadwork. Her voice in song is as beautiful as her appearance.;;elevenlabs;{};[];;{};2025-12-02 03:55:09.714178+00;2025-12-02 05:55:04.881286+00;professional
f6af1824-6941-4192-a09c-1cc858b711f2;Abigail;Grace;Harper;Abigail Grace Harper;Seamstress;1880s;A skilled craftswoman whose needle and thread are essential to maintaining the clothing and dignity of frontier town residents. Her shop is not just a place of business but a social hub where women gather to share news, gossip, and support in the challenging frontier environment.;;elevenlabs;{};[];https://pvlqwxkgovjwqhpqnssl.supabase.co/storage/v1/object/public/actor-images/portraits/f6af1824-6941-4192-a09c-1cc858b711f2-1764647349486.png;{};2025-12-02 03:48:07.341595+00;2025-12-02 05:55:04.881286+00;professional
ed3eb823-944c-4447-add1-228243973cbf;Singing;;River;Singing River;Cherokee Healer;1880s;A wise woman deeply skilled in the natural medicine traditions of the Cherokee people, using herbs, roots, and sacred rituals to heal both body and spirit. Her gentle presence brings comfort to the sick and injured, and her knowledge of healing plants is encyclopedic.;;elevenlabs;{};[];https://pvlqwxkgovjwqhpqnssl.supabase.co/storage/v1/object/public/actor-images/portraits/ed3eb823-944c-4447-add1-228243973cbf-1764647602694.png;{};2025-12-02 03:47:52.208018+00;2025-12-02 05:55:04.881286+00;professional
e1ba9045-d52c-4f52-85a5-3a66a82f2ca8;William;Henry;Davies;William Henry Davies;Railroad Worker;1870s;A tough and hardworking laborer whose sweat and blood are literally building the iron rails that will connect the nation from coast to coast. The dangerous work has claimed many of his friends, but he perseveres, driven by dreams of a better future and pride in his contribution to progress.;;elevenlabs;{};[];https://pvlqwxkgovjwqhpqnssl.supabase.co/storage/v1/object/public/actor-images/portraits/e1ba9045-d52c-4f52-85a5-3a66a82f2ca8-1764647610270.png;{};2025-12-02 03:47:52.208018+00;2025-12-02 05:55:04.881286+00;professional
9b03170c-e4ea-4b80-b734-4e09e3dc78e0;Cloud;;Dancer;Cloud Dancer;Shoshone Guide;1880s;At twenty-four, she guides travelers through mountain passes, wearing practical fringed buckskin adorned with colorful beadwork. Her beauty and mountain skills make her services highly sought after.;;elevenlabs;{};[];;{};2025-12-02 03:54:20.587673+00;2025-12-02 05:55:04.881286+00;professional
f3cfeccc-fb50-4547-840b-9f3a3babe092;Pine;;Song;Pine Song;Ute Maiden;1870s;A captivating twenty-one-year-old Ute woman whose traditional dress is decorated with intricate beadwork and long fringe. Her family maintains the mountain traditions of their people.;;elevenlabs;{};[];;{};2025-12-02 03:54:20.587673+00;2025-12-02 05:55:04.881286+00;professional
125f9ec9-614a-49e3-bf6f-19041b8a8e66;Winter;;Rose;Winter Rose;Ute Tracker;1880s;At twenty-six, she is one of the finest trackers in the mountains, wearing practical buckskin adorned with geometric patterns and carrying herself with quiet confidence that matches her beauty.;;elevenlabs;{};[];;{};2025-12-02 03:54:20.587673+00;2025-12-02 05:55:04.881286+00;professional
87a00b50-6698-44b2-9be7-81c3d92336c2;Valley;;Flower;Valley Flower;Ute Gatherer;1870s;A beautiful twenty-four-year-old who knows every edible plant and medicinal herb in the mountains, wearing traditional Ute clothing decorated with natural dyes and beadwork that reflects the colors of her homeland.;;elevenlabs;{};[];;{};2025-12-02 03:54:20.587673+00;2025-12-02 05:55:04.881286+00;professional
31ea4d9f-2213-4486-929b-4c2f05daadb7;Tall;;Bear;Tall Bear;Lakota Hunter;1880s;At twenty-eight, he is renowned for his hunting skills and striking appearance, wearing traditional buckskin adorned with quillwork and carrying a bow made by his own hands. His prowess provides for many families.;;elevenlabs;{};[];https://pvlqwxkgovjwqhpqnssl.supabase.co/storage/v1/object/public/actor-images/portraits/31ea4d9f-2213-4486-929b-4c2f05daadb7-1764648097004.png;{};2025-12-02 03:54:38.310426+00;2025-12-02 05:55:04.881286+00;professional
3d5be426-e681-4795-b8b2-cee7c6f0d4e1;Fast;;Horse;Fast Horse;Lakota Scout;1870s;A twenty-three-year-old whose speed and skill on horseback are legendary, wearing practical warrior clothing decorated with paint and feathers. His scouting abilities have saved his people from many dangers.;;elevenlabs;{};[];https://pvlqwxkgovjwqhpqnssl.supabase.co/storage/v1/object/public/actor-images/portraits/3d5be426-e681-4795-b8b2-cee7c6f0d4e1-1764648098100.png;{};2025-12-02 03:54:38.310426+00;2025-12-02 05:55:04.881286+00;professional
8247bdb4-982b-4fca-ba85-88542f8d3feb;Iron;;Hawk;Iron Hawk;Cheyenne Warrior;1880s;A powerful nineteen-year-old warrior whose war paint and regalia strike fear in enemies, wearing traditional Cheyenne warrior dress with brass ornaments and eagle feathers earned in battle.;;elevenlabs;{};[];;{};2025-12-02 03:54:38.310426+00;2025-12-02 05:55:04.881286+00;professional
aab3f2bc-14a4-4778-b505-15a4e7cca62e;Night;;Hawk;Night Hawk;Cheyenne Scout;1880s;A stealthy twenty-four-year-old scout whose ability to move unseen has saved many lives, wearing dark buckskin with minimal decoration for stealth, his sharp eyes missing nothing.;;elevenlabs;{};[];;{};2025-12-02 03:54:38.310426+00;2025-12-02 05:55:04.881286+00;professional
181a01dc-ae89-48ea-8551-f4e94f693d7c;Running;;Coyote;Running Coyote;Apache Warrior;1870s;A fierce twenty-seven-year-old Apache fighter known for his cunning and bravery, wearing traditional Apache warrior attire with red cloth headband and brass ornaments, his presence commands respect.;;elevenlabs;{};[];;{};2025-12-02 03:54:38.310426+00;2025-12-02 05:55:04.881286+00;professional
5d19ee14-50df-4732-a68f-44f13e2959bb;Stone;;Wolf;Stone Wolf;Apache Scout;1880s;At twenty-two, he is already legendary for his tracking skills, wearing practical buckskin and moccasins, able to read signs that others miss and move through terrain like a ghost.;;elevenlabs;{};[];;{};2025-12-02 03:54:38.310426+00;2025-12-02 05:55:04.881286+00;professional
c260f9c3-b32e-4508-a0c4-a7b76ffe5e7d;Thunder;;Cloud;Thunder Cloud;Apache Hunter;1870s;A skilled twenty-five-year-old hunter whose knowledge of the desert and mountains keeps his people fed, wearing simple but functional Apache clothing that allows him to move swiftly through harsh terrain.;;elevenlabs;{};[];;{};2025-12-02 03:54:38.310426+00;2025-12-02 05:55:04.881286+00;professional
4fe97beb-c2b7-433f-af74-feba5e8179c1;Painted;;Sky;Painted Sky;Arikara Maiden;1870s;A stunning nineteen-year-old Arikara woman whose dress features elaborate earth-toned beadwork and fringe. She helps maintain the agricultural traditions of her people.;;elevenlabs;{};[];;{};2025-12-02 03:55:09.714178+00;2025-12-02 05:55:04.881286+00;professional
796796fd-1f5f-4cc6-8c73-5ac817318cb8;Willow;;Song;Willow Song;Ojibwe Maiden;1880s;A beautiful twenty-five-year-old whose traditional Ojibwe jingle dress creates music with every step. Her knowledge of wild rice harvesting and birchbark crafts is extensive.;;elevenlabs;{};[];;{};2025-12-02 03:55:09.714178+00;2025-12-02 05:55:04.881286+00;professional
5b3b8b68-cae7-4851-91ff-aab1abf4dcfe;Dawn;;Blossom;Dawn Blossom;Zuni Maiden;1870s;A twenty-one-year-old Zuni beauty whose traditional dress is adorned with intricate silver and turquoise jewelry and colorful woven sashes that reflect her pueblo heritage.;;elevenlabs;{};[];;{};2025-12-02 03:55:09.714178+00;2025-12-02 05:55:04.881286+00;professional
a12e3b5b-1c7c-46cf-a4e2-807f367364dc;Desert;;Lily;Desert Lily;Pueblo Maiden;1880s;An eighteen-year-old whose traditional pueblo dress features vibrant colors and intricate woven designs. She is learning the ancient pottery traditions of her people.;;elevenlabs;{};[];;{};2025-12-02 03:55:09.714178+00;2025-12-02 05:55:04.881286+00;professional
12426e11-c51e-47bf-b6cc-fbb210120e50;Storm;;Beauty;Storm Beauty;Seminole Maiden;1870s;A striking twenty-four-year-old whose traditional Seminole patchwork dress showcases bold geometric patterns in bright colors, her beauty reflecting the lush lands of her people.;;elevenlabs;{};[];;{};2025-12-02 03:55:09.714178+00;2025-12-02 05:55:04.881286+00;professional
8937440c-9a80-4e10-b5f2-658e683a383e;Ocean;;Wave;Ocean Wave;Coastal Maiden;1880s;A captivating twenty-six-year-old from a coastal tribe whose dress features elaborate shell decorations and cedar bark designs, her knowledge of ocean resources invaluable to her community.;;elevenlabs;{};[];;{};2025-12-02 03:55:09.714178+00;2025-12-02 05:55:04.881286+00;professional
09abcf96-8a46-4496-ac49-c7d885e80c94;Eagle;;Feather;Eagle Feather;Blackfoot Warrior;1870s;A fierce twenty-four-year-old Blackfoot warrior whose war shirt displays his many achievements, wearing traditional regalia with eagle feathers that tell the story of his bravery.;;elevenlabs;{};[];;{};2025-12-02 03:55:09.714178+00;2025-12-02 05:55:04.881286+00;professional
51e4c525-e8dd-4315-9e58-d47fdd4bbfa1;River;;Stone;River Stone;Nez Perce Hunter;1880s;At twenty-seven, he is known for his tracking skills and knowledge of the rivers and mountains, wearing practical hunting attire that allows him to move swiftly through varied terrain.;;elevenlabs;{};[];;{};2025-12-02 03:55:09.714178+00;2025-12-02 05:55:04.881286+00;professional
781ff8bb-8e99-493e-b0bd-dfbbbadc5e24;Red;;Arrow;Red Arrow;Arikara Warrior;1870s;A skilled twenty-five-year-old whose accuracy with bow and arrow is legendary, wearing warrior clothing adorned with symbols of his hunting and fighting prowess.;;elevenlabs;{};[];;{};2025-12-02 03:55:09.714178+00;2025-12-02 05:55:04.881286+00;professional
6a073264-ecf8-453c-ba26-c9aaa55849ec;Bear;;Claw;Bear Claw;Ojibwe Hunter;1880s;A powerful twenty-eight-year-old whose strength and hunting skills are renowned, wearing traditional Ojibwe clothing decorated with beadwork created by the women of his family.;;elevenlabs;{};[];;{};2025-12-02 03:55:09.714178+00;2025-12-02 05:55:04.881286+00;professional
dfe0043c-f16e-43d1-be21-21e336eaefff;Meadow;;Lark;Meadow Lark;Plains Maiden;1870s;A graceful twenty-year-old whose traditional dress features elaborate quillwork and beadwork, her skills in tanning hides and creating beautiful clothing highly valued by her tribe.;;elevenlabs;{};[];;{};2025-12-02 03:55:24.935138+00;2025-12-02 05:55:04.881286+00;professional
379c08c2-b309-4fcf-b59b-d17314402236;Sage;;Blossom;Sage Blossom;Mountain Maiden;1880s;A beautiful twenty-three-year-old mountain dweller whose knowledge of herbs and medicines is extensive, wearing traditional clothing adorned with symbols of healing and protection.;;elevenlabs;{};[];;{};2025-12-02 03:55:24.935138+00;2025-12-02 05:55:04.881286+00;professional
1f15754c-19a2-4a57-a1a3-7205ede5162f;Ruby;;Dawn;Ruby Dawn;Desert Maiden;1870s;A stunning nineteen-year-old whose traditional dress features turquoise and coral jewelry passed down through generations, her beauty matched by her skill in traditional crafts.;;elevenlabs;{};[];;{};2025-12-02 03:55:24.935138+00;2025-12-02 05:55:04.881286+00;professional
02430c6f-bb19-46eb-9404-a91aa81661a8;Pearl;;Moon;Pearl Moon;River Maiden;1880s;A captivating twenty-seven-year-old whose dress is decorated with freshwater pearls and intricate beadwork, her knowledge of fishing and river resources essential to her people.;;elevenlabs;{};[];;{};2025-12-02 03:55:24.935138+00;2025-12-02 05:55:04.881286+00;professional
3b50ed5f-7c2f-4d73-ba86-647ea7f57840;Jade;;Sky;Jade Sky;Forest Maiden;1870s;An eighteen-year-old beauty whose traditional clothing features forest colors and natural decorations, her skill in gathering forest resources and creating medicines highly regarded.;;elevenlabs;{};[];;{};2025-12-02 03:55:24.935138+00;2025-12-02 05:55:04.881286+00;professional
c2d2be26-daad-4455-8a78-8089b31bf5d8;Coral;;Reef;Coral Reef;Coastal Beauty;1880s;A striking twenty-four-year-old from a coastal tribe whose dress features stunning shell work and woven cedar designs, her diving skills and ocean knowledge remarkable.;;elevenlabs;{};[];;{};2025-12-02 03:55:24.935138+00;2025-12-02 05:55:04.881286+00;professional
7306e856-8700-4916-bca2-008af78a0945;Amber;;Light;Amber Light;Prairie Beauty;1870s;A twenty-five-year-old whose traditional dress features warm earth tones and elaborate beadwork, her skill in traditional prairie crafts and buffalo hide tanning exceptional.;;elevenlabs;{};[];;{};2025-12-02 03:55:24.935138+00;2025-12-02 05:55:04.881286+00;professional
d4050b85-14c5-453b-a42d-1ea2754ca241;Diamond;;Star;Diamond Star;Northern Maiden;1880s;A beautiful twenty-two-year-old whose winter dress features stunning white beadwork and fur trim, her knowledge of surviving harsh northern winters invaluable.;;elevenlabs;{};[];;{};2025-12-02 03:55:24.935138+00;2025-12-02 05:55:04.881286+00;professional
560943c0-f9ec-403c-974d-2ed5ff287d44;Emerald;;Waters;Emerald Waters;Lake Maiden;1870s;A captivating twenty-six-year-old whose dress features blue and green beadwork representing the waters she lives near, her fishing and canoe-making skills highly valued.;;elevenlabs;{};[];;{};2025-12-02 03:55:24.935138+00;2025-12-02 05:55:04.881286+00;professional
2de2f543-d003-493c-94e6-e78969af09e7;Sapphire;;Night;Sapphire Night;Evening Beauty;1880s;A stunning twenty-one-year-old whose traditional dress features deep blue and silver decorations, her skill in creating beautiful traditional clothing renowned throughout her region.;;elevenlabs;{};[];;{};2025-12-02 03:55:24.935138+00;2025-12-02 05:55:04.881286+00;professional
fb102470-0080-437b-8ffc-996c240d2578;Mountain;;Flower;Mountain Flower;Apache Warrior;1880s;At twenty-four, she is both beautiful and deadly, wearing a warrior outfit of fringed buckskin with geometric designs, her long dark hair flowing free as she rides. Apache men respect her fighting skills as much as they admire her beauty.;;elevenlabs;{};[];;{};2025-12-02 03:55:35.176721+00;2025-12-02 05:55:04.881286+00;professional
a47ccd8d-cd8b-4b72-9d47-1e672975e651;Sunset;;Glow;Sunset Glow;Navajo Shepherd;1880s;At twenty-six, she tends her family sheep while wearing traditional Navajo clothing adorned with exquisite silverwork and woven sashes. Her beauty is as striking as the desert landscapes she calls home.;;elevenlabs;{};[];;{};2025-12-02 03:55:35.176721+00;2025-12-02 05:55:04.881286+00;professional
0858d4dd-38e8-4283-a482-ce6d6d9341e4;Golden;;Eagle;Golden Eagle;Crow Maiden;1880s;A stunning twenty-one-year-old Crow woman whose elaborate elk tooth dress represents her family wealth and status. Her beauty and grace at tribal gatherings have made her the subject of many songs.;;elevenlabs;{};[];;{};2025-12-02 03:55:35.176721+00;2025-12-02 05:55:04.881286+00;professional
634b5c12-5a53-48d0-8f5b-731f237a8be1;Dark;;Thunder;Dark Thunder;Comanche Hunter;1870s;A skilled twenty-eight-year-old hunter whose ability to track game across vast distances is unmatched, wearing practical hunting clothing and carrying his grandfather weapons passed through generations.;;elevenlabs;{};[];;{};2025-12-02 03:55:35.176721+00;2025-12-02 05:55:04.881286+00;professional
54929302-4266-4d89-b0a2-35205569a6c6;Aurora;;Feather;Aurora Feather;Modoc Maiden;1870s;A breathtaking nineteen-year-old Modoc woman whose traditional dress features stunning shell decorations and intricate basketwork patterns in beadwork. Her knowledge of traditional basket weaving is matched by her captivating presence.;;elevenlabs;{};[];;{};2025-12-02 03:56:02.226046+00;2025-12-02 05:55:04.881286+00;professional
4d40bf2f-2608-4df4-9041-e1a4a0409ade;Luna;;Dove;Luna Dove;Bannock Beauty;1880s;At twenty-four, she is renowned for her grace and beauty, wearing elaborate traditional Bannock dress adorned with dentalium shells, colorful trade beads, and long fringe that sways with her every graceful movement.;;elevenlabs;{};[];;{};2025-12-02 03:56:02.226046+00;2025-12-02 05:55:04.881286+00;professional
6929ae46-0ba1-4fdc-9601-27b0ddbf3462;Iris;;Petal;Iris Petal;Yakama Maiden;1870s;A stunning twenty-two-year-old whose traditional plateau dress features intricate beadwork in floral patterns, her long braids adorned with shells and beads, her skill in root gathering essential to her people.;;elevenlabs;{};[];;{};2025-12-02 03:56:02.226046+00;2025-12-02 05:55:04.881286+00;professional
f750f6da-7376-4374-9750-5cb249ee8b39;Rose;;Petal;Rose Petal;Salish Beauty;1880s;An exceptionally beautiful twenty-year-old Salish woman whose dress is decorated with elaborate geometric beadwork and dentalium shells, her knowledge of traditional medicines and her beauty both highly valued.;;elevenlabs;{};[];;{};2025-12-02 03:56:02.226046+00;2025-12-02 05:55:04.881286+00;professional
30e280b9-b13c-4610-ad01-038d59c718f6;Jasmine;;Wind;Jasmine Wind;Klamath Maiden;1870s;A captivating twenty-five-year-old whose traditional dress features stunning tule work and shell decorations, her expertise in canoe navigation and water resources matched by her striking appearance.;;elevenlabs;{};[];;{};2025-12-02 03:56:02.226046+00;2025-12-02 05:55:04.881286+00;professional
b9343ef9-21cf-48d9-9ef6-81b8dc2e72ae;Lily;;Grace;Lily Grace;Chinook Beauty;1880s;A gorgeous eighteen-year-old whose traditional coastal dress is adorned with elaborate shell work and woven cedar designs, her family among the prominent traders of the Columbia River region.;;elevenlabs;{};[];;{};2025-12-02 03:56:02.226046+00;2025-12-02 05:55:04.881286+00;professional
e78ffbe0-e93e-4d63-8602-bf8650060c1f;Orchid;;Moon;Orchid Moon;Tillamook Maiden;1870s;At twenty-six, her beauty and skill in traditional coastal crafts are legendary, wearing dress decorated with dentalium shells and featuring intricate basket-weave patterns in the beadwork.;;elevenlabs;{};[];;{};2025-12-02 03:56:02.226046+00;2025-12-02 05:55:04.881286+00;professional
fc938cdf-8cb1-4fdc-8237-789c12af7a64;Violet;;Sky;Violet Sky;Makah Beauty;1880s;A stunning twenty-three-year-old coastal beauty whose dress features whale motifs in beadwork and elaborate shell decorations, her people renowned whalers of the Pacific Northwest.;;elevenlabs;{};[];;{};2025-12-02 03:56:02.226046+00;2025-12-02 05:55:04.881286+00;professional
9a283571-a938-4961-8c85-8c83f6c5d9f9;Dahlia;;Sun;Dahlia Sun;Tlingit Maiden;1870s;An exceptionally beautiful twenty-one-year-old whose traditional button blanket and regalia feature her clan crest, her family among the respected nobles of her nation, her presence commanding attention at potlatches.;;elevenlabs;{};[];;{};2025-12-02 03:56:02.226046+00;2025-12-02 05:55:04.881286+00;professional
f0c8a183-e73f-45e9-bdaa-611b6f16fe6e;Magnolia;;Star;Magnolia Star;Haida Beauty;1880s;A breathtaking twenty-four-year-old whose traditional dress and cedar bark regalia showcase intricate formline designs, her artistic skill in creating traditional crafts as notable as her stunning appearance.;;elevenlabs;{};[];;{};2025-12-02 03:56:02.226046+00;2025-12-02 05:55:04.881286+00;professional
d8d7712e-07b2-4e5f-be15-f18c7fd1b41e;Cedar;;Warrior;Cedar Warrior;Tlingit Fighter;1870s;A powerful twenty-seven-year-old Tlingit warrior whose traditional armor and regalia display his high rank, his prowess in battle matched by his skill in traditional arts and his commanding presence.;;elevenlabs;{};[];;{};2025-12-02 03:56:18.075097+00;2025-12-02 05:55:04.881286+00;professional
527ab5e7-585c-4745-a2d0-e157a7efc1f9;Ocean;;Hunter;Ocean Hunter;Haida Warrior;1880s;At twenty-five, he is a fierce fighter and skilled whaler, wearing traditional regalia that displays his clan crest and achievements, his strength and courage renowned throughout the coastal nations.;;elevenlabs;{};[];;{};2025-12-02 03:56:18.075097+00;2025-12-02 05:55:04.881286+00;professional
f6c1c996-25ce-44d9-bf28-0e6cc21f77db;Forest;;Shadow;Forest Shadow;Salish Hunter;1870s;A skilled twenty-three-year-old hunter whose knowledge of forest and mountain is unmatched, wearing practical hunting attire adorned with symbols of his many successful hunts and his family heritage.;;elevenlabs;{};[];;{};2025-12-02 03:56:18.075097+00;2025-12-02 05:55:04.881286+00;professional
ae172162-6ba1-4e18-97b2-7a724937e005;River;;Eagle;River Eagle;Yakama Warrior;1880s;A brave twenty-eight-year-old plateau warrior wearing traditional dress adorned with eagle feathers earned through acts of courage, his skill with weapons and horses making him a valued defender of his people.;;elevenlabs;{};[];;{};2025-12-02 03:56:18.075097+00;2025-12-02 05:55:04.881286+00;professional
4f834cf6-dadd-4db6-84e7-8297bfaf56a1;Storm;;Rider;Storm Rider;Modoc Fighter;1870s;A fierce twenty-four-year-old warrior whose tactical skills and bravery are legendary, wearing warrior regalia that tells the story of his battles in defense of the Modoc homeland.;;elevenlabs;{};[];;{};2025-12-02 03:56:18.075097+00;2025-12-02 05:55:04.881286+00;professional
18229297-ee0c-4558-8247-0ad67ebca85e;Sky;;Hunter;Sky Hunter;Bannock Tracker;1880s;At twenty-six, his tracking skills across the high desert and mountains are unparalleled, wearing practical clothing that allows swift movement while adorned with symbols of his achievements.;;elevenlabs;{};[];;{};2025-12-02 03:56:18.075097+00;2025-12-02 05:55:04.881286+00;professional
635d94b2-b3de-4926-8a69-75ab1e2dc12f;Wolf;;Spirit;Wolf Spirit;Nez Perce Warrior;1870s;A formidable twenty-five-year-old whose skill in battle and horsemanship is renowned, wearing traditional warrior dress with eagle feathers and carrying weapons crafted by master artisans.;;elevenlabs;{};[];;{};2025-12-02 03:56:18.075097+00;2025-12-02 05:55:04.881286+00;professional
6b799a32-f1ad-4401-8b3d-077fffe964eb;Hawk;;Eye;Hawk Eye;Umatilla Scout;1880s;A sharp-eyed twenty-two-year-old scout whose ability to read the land saves lives, wearing practical scouting attire with minimal decoration to aid in stealth, his vision and instincts razor-sharp.;;elevenlabs;{};[];;{};2025-12-02 03:56:18.075097+00;2025-12-02 05:55:04.881286+00;professional
efb1fbe4-f948-4d67-8bf3-5ee289e35f15;Elk;;Runner;Elk Runner;Walla Walla Hunter;1870s;A swift twenty-nine-year-old hunter whose speed and endurance are legendary, wearing traditional hunting clothing adorned with elk motifs, his ability to track and take game providing for many families.;;elevenlabs;{};[];;{};2025-12-02 03:56:18.075097+00;2025-12-02 05:55:04.881286+00;professional
40fbc8f8-e55b-4423-b929-4c9bb3a36662;Cougar;;Claw;Cougar Claw;Cayuse Warrior;1880s;A fierce twenty-seven-year-old fighter known for his courage and skill, wearing warrior regalia decorated with symbols of the cougar, his people famous for breeding the finest horses on the plateau.;;elevenlabs;{};[];;{};2025-12-02 03:56:18.075097+00;2025-12-02 05:55:04.881286+00;professional
a87dc1e4-1935-4536-90a2-470421f64f98;Fawn;;Eyes;Fawn Eyes;Spokane Maiden;1870s;A gentle twenty-year-old beauty whose traditional plateau dress features delicate beadwork and her soft doe-like eyes have captured many hearts, her skill in gathering and preparing traditional foods highly valued.;;elevenlabs;{};[];;{};2025-12-02 03:56:30.316164+00;2025-12-02 05:55:04.881286+00;professional
54f97661-3f1b-4e6a-8ac5-6d484188b15d;Raven;;Beauty;Raven Beauty;Coeur d'Alene Maiden;1880s;A striking nineteen-year-old with flowing black hair and traditional dress adorned with intricate geometric beadwork, her knowledge of water resources and fishing techniques as notable as her captivating presence.;;elevenlabs;{};[];;{};2025-12-02 03:56:30.316164+00;2025-12-02 05:55:04.881286+00;professional
012a9b0c-4e1c-4206-8603-4f99b51f9afc;Swan;;Neck;Swan Neck;Kalispel Beauty;1870s;An elegant twenty-three-year-old whose graceful bearing and beautiful traditional dress featuring elaborate shell work make her stand out at gatherings, her family respected traders in the region.;;elevenlabs;{};[];;{};2025-12-02 03:56:30.316164+00;2025-12-02 05:55:04.881286+00;professional
136981cb-9f03-44ce-9b6d-bd3ad6652e6e;Hummingbird;;Song;Hummingbird Song;Pend d'Oreille Maiden;1880s;A vivacious twenty-one-year-old whose energy and beauty light up any gathering, wearing colorful traditional dress with intricate beadwork, her voice in song as beautiful as the bird she is named for.;;elevenlabs;{};[];;{};2025-12-02 03:56:30.316164+00;2025-12-02 05:55:04.881286+00;professional
ff2670ef-7423-44bd-85cd-1207356120a6;Bluebird;;Wing;Bluebird Wing;Flathead Beauty;1870s;A cheerful eighteen-year-old whose traditional dress features blue trade cloth and elaborate beadwork, her skill in bison hunting alongside the men of her tribe unusual and respected.;;elevenlabs;{};[];;{};2025-12-02 03:56:30.316164+00;2025-12-02 05:55:04.881286+00;professional
94d51ab6-6309-4b19-8e11-4b00c5ca5516;Sparrow;;Dance;Sparrow Dance;Kootenai Maiden;1880s;A petite twenty-four-year-old whose grace in traditional dances is unmatched, wearing beautifully crafted dress with long fringe and intricate beadwork that moves gracefully with every step.;;elevenlabs;{};[];;{};2025-12-02 03:56:30.316164+00;2025-12-02 05:55:04.881286+00;professional
ccf06df0-bbd8-4b08-bb21-ed34e93b1d77;Strong;;Shield;Strong Shield;Cheyenne Hunter;1870s;At twenty-six, his hunting skills feed many lodges, wearing fringed buckskin with geometric beadwork created by his mother and sisters. His strength and skill make him highly valued by his tribe.;;elevenlabs;{};[];https://pvlqwxkgovjwqhpqnssl.supabase.co/storage/v1/object/public/actor-images/portraits/ccf06df0-bbd8-4b08-bb21-ed34e93b1d77-1764648094544.png;{};2025-12-02 03:54:38.310426+00;2025-12-02 05:55:04.881286+00;professional
47fe7738-e773-4bc9-b385-df4136b0e4e8;Gray;;Wolf;Gray Wolf;Lakota Warrior;1870s;A handsome twenty-five-year-old Lakota warrior whose war shirt is decorated with intricate beadwork and hair locks from his victories. His strength and honor make him a respected fighter and a sought-after husband.;;elevenlabs;{};[];https://pvlqwxkgovjwqhpqnssl.supabase.co/storage/v1/object/public/actor-images/portraits/47fe7738-e773-4bc9-b385-df4136b0e4e8-1764648096146.png;{};2025-12-02 03:54:38.310426+00;2025-12-02 05:55:04.881286+00;professional
d26bd1f0-d07e-4378-8f98-ffba893990e7;Tatanka;;Yotanka;Tatanka Yotanka;Chief;1870s;Legendary Hunkpapa Lakota leader and holy man who led his people during years of resistance. Known for his wisdom, spiritual power, and unwavering defense of tribal lands. Wore elaborate feathered headdress and traditional ceremonial regalia with intricate beadwork.;;elevenlabs;{};[];;"{""age"":45,""face_paint"":""red and yellow war paint"",""hairstyle"":""long braids with feathers"",""tribe"":""Lakota""}";2025-12-02 04:16:13.689186+00;2025-12-02 05:55:04.881286+00;professional
2a3cc321-5c7d-4f94-ae47-22c5e72b746d;Tashina;;Wanbli;Tashina Wanbli;Medicine Woman;1870s;Beautiful young Lakota healer with flowing black hair reaching her waist. Known for her gentle spirit and powerful healing abilities. Wears elk-tooth dress with intricate quillwork, often adorned with blue and white beadwork. Face painted with sacred symbols during ceremonies.;;elevenlabs;{};[];;"{""age"":24,""face_paint"":""white and blue ceremonial"",""hairstyle"":""very long wavy hair"",""tribe"":""Lakota""}";2025-12-02 04:16:13.689186+00;2025-12-02 05:55:04.881286+00;professional
b8c67faf-b9e0-4089-bc0d-b8f0b16a4e48;Mato;;Najin;Mato Najin;Warrior;1870s;Fierce Lakota warrior known for his bravery in battle. Tall and imposing with long hair adorned with eagle feathers. Wears traditional warrior regalia with bone breastplate and war paint. Expert horseman and hunter.;;elevenlabs;{};[];;"{""age"":32,""face_paint"":""black and red war paint"",""hairstyle"":""long hair with feathers"",""tribe"":""Lakota""}";2025-12-02 04:16:13.689186+00;2025-12-02 05:55:04.881286+00;professional
327ccf2b-192c-4312-8d4e-01c0afed2b1a;Winona;;Maza;Winona Maza;Warrior Woman;1870s;Striking young warrior woman with exceptionally long wavy hair and piercing eyes. One of the few female warriors, known for her exceptional riding and shooting skills. Wears fringed buckskin with red and black geometric beadwork, face painted with warrior stripes.;;elevenlabs;{};[];;"{""age"":22,""face_paint"":""black warrior stripes"",""hairstyle"":""very long wavy hair with feathers"",""tribe"":""Lakota""}";2025-12-02 04:16:13.689186+00;2025-12-02 05:55:04.881286+00;professional
45184e05-cb92-4e46-a095-1a6dae32f63e;Cetan;;Luta;Cetan Luta;Scout;1870s;Young athletic Lakota scout with keen eyes and long braided hair. Expert tracker and hunter. Wears minimal clothing for mobility - breechcloth and moccasins with simple face paint for camouflage.;;elevenlabs;{};[];;"{""age"":26,""face_paint"":""earth tone camouflage"",""hairstyle"":""long braids"",""tribe"":""Lakota""}";2025-12-02 04:16:13.689186+00;2025-12-02 05:55:04.881286+00;professional
d04c9dcf-7c45-4c7c-aee8-2273f17699df;Zitkala;;Sa;Zitkala Sa;Storyteller;1870s;Beautiful young woman with flowing hair and graceful presence. Keeper of tribal stories and songs. Wears elegant fringed dress with intricate beadwork depicting birds and nature scenes. Face often painted with delicate patterns for ceremonies.;;elevenlabs;{};[];;"{""age"":20,""face_paint"":""delicate ceremonial patterns"",""hairstyle"":""extremely long wavy hair"",""tribe"":""Lakota""}";2025-12-02 04:16:13.689186+00;2025-12-02 05:55:04.881286+00;professional
7acd303a-d6f4-4ae6-936a-f337049349a1;Hehaka;;Sapa;Hehaka Sapa;Holy Man;1870s;Revered Lakota spiritual leader with deep wisdom. Wears traditional ceremonial robes adorned with sacred symbols and feathers. Long hair with medicine bundles and face paint for vision quests.;;elevenlabs;{};[];;"{""age"":38,""face_paint"":""vision quest symbols"",""hairstyle"":""long hair with medicine items"",""tribe"":""Lakota""}";2025-12-02 04:16:13.689186+00;2025-12-02 05:55:04.881286+00;professional
677976df-0dc0-4529-a4f8-f9993df37ade;Mahpiya;;Luta;Mahpiya Luta;War Chief;1870s;Legendary Oglala Lakota leader who successfully defended tribal lands. Imposing figure with elaborate war bonnet and traditional warrior dress. Face painted with red ochre for battle.;;elevenlabs;{};[];;"{""age"":50,""face_paint"":""red ochre war paint"",""hairstyle"":""long hair with war bonnet"",""tribe"":""Lakota""}";2025-12-02 04:16:13.689186+00;2025-12-02 05:55:04.881286+00;professional
d74e0364-4ff2-4906-b4f3-8e1a59515739;Ptehe;;Wicahpi;Ptehe Wicahpi;Buffalo Hunter;1870s;Strong young hunter with muscular build and long flowing hair. Expert buffalo hunter providing for the tribe. Wears buffalo hide clothing with fringe and bone ornaments. Face painted with buffalo symbols.;;elevenlabs;{};[];;"{""age"":28,""face_paint"":""buffalo hunting symbols"",""hairstyle"":""long loose hair"",""tribe"":""Lakota""}";2025-12-02 04:16:13.689186+00;2025-12-02 05:55:04.881286+00;professional
df35250e-4015-4997-8e1d-7c4e96eb7c38;Anpaytoo;;Win;Anpaytoo Win;Maiden;1870s;Exceptionally beautiful young woman with wavy hair cascading to her knees. Known for her grace and beauty. Wears white buckskin dress with delicate beadwork and fringe. Face painted with morning star symbols for special occasions.;;elevenlabs;{};[];;"{""age"":19,""face_paint"":""morning star patterns"",""hairstyle"":""waist-length wavy hair"",""tribe"":""Lakota""}";2025-12-02 04:16:13.689186+00;2025-12-02 05:55:04.881286+00;professional
2bad37cf-4fee-4201-87e1-4d6779299f19;Wambli;;Gleska;Wambli Gleska;Warrior;1870s;Distinguished warrior with impressive war record. Long braided hair with eagle feathers earned in battle. Wears elaborate war shirt with scalp fringes and geometric designs.;;elevenlabs;{};[];;"{""age"":35,""face_paint"":""black and yellow war paint"",""hairstyle"":""long braids with eagle feathers"",""tribe"":""Lakota""}";2025-12-02 04:16:13.689186+00;2025-12-02 05:55:04.881286+00;professional
9aef1d41-89a2-48d0-be3f-7ecba18acc2c;Tehila;;Ska;Tehila Ska;Healer;1870s;Graceful young healer with serene beauty and healing touch. Very long wavy hair adorned with flowers and sage. Wears soft white buckskin decorated with medicine symbols and healing herbs.;;elevenlabs;{};[];;"{""age"":23,""face_paint"":""healing symbols"",""hairstyle"":""very long wavy hair with flowers"",""tribe"":""Lakota""}";2025-12-02 04:16:13.689186+00;2025-12-02 05:55:04.881286+00;professional
c15d75f5-d47e-45fb-bf82-0b2fb3d5e932;Sunka;;Wakan;Sunka Wakan;Horse Trainer;1870s;Expert horse trainer with deep connection to horses. Athletic build with long hair. Wears practical clothing for riding with minimal adornment. Face painted with horse medicine symbols.;;elevenlabs;{};[];;"{""age"":30,""face_paint"":""horse medicine symbols"",""hairstyle"":""long hair tied back"",""tribe"":""Lakota""}";2025-12-02 04:16:13.689186+00;2025-12-02 05:55:04.881286+00;professional
675575ff-c885-46cb-9837-02e27f50061a;Ista;;Winyan;Ista Winyan;Young Woman;1870s;Stunningly beautiful young woman with captivating eyes and flowing hair. Wears colorful beaded dress with geometric patterns. Known for her radiant smile and kind heart.;;elevenlabs;{};[];;"{""age"":21,""face_paint"":""none, natural beauty"",""hairstyle"":""extremely long wavy hair"",""tribe"":""Lakota""}";2025-12-02 04:16:13.689186+00;2025-12-02 05:55:04.881286+00;professional
a1e8874c-7e0e-47ba-9204-29d40d61fe94;Tokala;;Luta;Tokala Luta;Warrior;1870s;Cunning warrior known for stealth and strategy. Long hair with fox tail ornaments. Wears warrior regalia with red accents and fox fur trim.;;elevenlabs;{};[];;"{""age"":29,""face_paint"":""red and black streaks"",""hairstyle"":""long hair with fox tails"",""tribe"":""Lakota""}";2025-12-02 04:16:13.689186+00;2025-12-02 05:55:04.881286+00;professional
c7ab302c-6014-4dbd-9b9d-42b5b57ea762;Wicahpi;;Win;Wicahpi Win;Sky Watcher;1870s;Mystical beauty who reads the stars and seasons. Very long flowing hair that seems to shimmer. Wears dark blue dress decorated with star patterns and silver ornaments.;;elevenlabs;{};[];;"{""age"":25,""face_paint"":""silver star patterns"",""hairstyle"":""very long flowing hair"",""tribe"":""Lakota""}";2025-12-02 04:16:13.689186+00;2025-12-02 05:55:04.881286+00;professional
2149e203-7d9a-4c41-a4ec-efae14b0e666;Hoka;;Luta;Hoka Luta;Warrior;1870s;Fierce warrior with reputation for fearlessness. Long hair with badger fur accents. War paint and traditional warrior clothing with earth tone beadwork.;;elevenlabs;{};[];;"{""age"":33,""face_paint"":""brown and red war paint"",""hairstyle"":""long hair with fur"",""tribe"":""Lakota""}";2025-12-02 04:16:13.689186+00;2025-12-02 05:55:04.881286+00;professional
77cdab1f-122d-4529-a6f5-9880430e5318;Capa;;Winyan;Capa Winyan;Craftswoman;1870s;Beautiful artisan known for intricate beadwork and quillwork. Long wavy hair adorned with her own creations. Wears dress showcasing her finest work with elaborate patterns.;;elevenlabs;{};[];;"{""age"":27,""face_paint"":""delicate patterns"",""hairstyle"":""long wavy hair with beaded ties"",""tribe"":""Lakota""}";2025-12-02 04:16:13.689186+00;2025-12-02 05:55:04.881286+00;professional
b752a8a6-6161-48de-ae68-d432b6065469;Tatanka;;Ska;Tatanka Ska;Elder;1870s;Wise elder with white-streaked hair. Wears sacred white buffalo robes. Face marked with ceremonial paint for important gatherings. Keeper of ancient wisdom.;;elevenlabs;{};[];;"{""age"":65,""face_paint"":""sacred ceremonial marks"",""hairstyle"":""long white-streaked hair"",""tribe"":""Lakota""}";2025-12-02 04:16:13.689186+00;2025-12-02 05:55:04.881286+00;professional
ea06dbd8-2237-41cb-a1ba-74d521919f2d;Wakinyela;;Win;Wakinyela Win;Young Warrior Woman;1870s;Fierce young warrior woman with wild beauty and untamed spirit. Long flowing hair with lightning symbols painted on face. Wears warrior dress with thunder symbols and carries weapons with pride.;;elevenlabs;{};[];;"{""age"":20,""face_paint"":""lightning bolt patterns"",""hairstyle"":""very long wild hair"",""tribe"":""Lakota""}";2025-12-02 04:16:13.689186+00;2025-12-02 05:55:04.881286+00;professional
50f6d0b5-7ad6-427d-8ade-8e3d001c1e14;Sequoyah;;Gist;Sequoyah Gist;Scholar;1870s;Famous Cherokee scholar who created the Cherokee syllabary. Distinguished appearance with long hair and traditional Cherokee turban. Wears long shirt with sash and leggings with intricate finger-woven patterns.;;elevenlabs;{};[];;"{""age"":55,""hairstyle"":""long hair with turban"",""tribe"":""Cherokee""}";2025-12-02 04:18:59.242295+00;2025-12-02 05:55:04.881286+00;professional
6e3fe98b-f96c-42e8-b3d2-d90de071e610;Aiyana;;Tsali;Aiyana Tsali;Teacher;1870s;Beautiful Cherokee woman dedicated to preserving language and culture. Very long black wavy hair adorned with traditional Cherokee combs. Wears tear dress with ribbon work in clan colors.;;elevenlabs;{};[];;"{""age"":22,""hairstyle"":""very long wavy hair with combs"",""tribe"":""Cherokee""}";2025-12-02 04:18:59.242295+00;2025-12-02 05:55:04.881286+00;professional
c46c73d1-d114-46a3-9644-2100e9586368;Kanuna;;Ridge;Kanuna Ridge;Warrior;1870s;Strong Cherokee warrior maintaining traditional ways. Long hair with single eagle feather. Wears hunting shirt with beadwork and leggings.;;elevenlabs;{};[];;"{""age"":34,""hairstyle"":""long hair with eagle feather"",""tribe"":""Cherokee""}";2025-12-02 04:18:59.242295+00;2025-12-02 05:55:04.881286+00;professional
d2919ddf-73d2-4a88-8a10-abf5bac2ee56;Inola;;Black;Inola Black;Healer;1870s;Graceful Cherokee medicine woman with extensive herbal knowledge. Flowing wavy hair with medicinal flowers woven in. Wears traditional dress with seven-pointed star clan symbols.;;elevenlabs;{};[];;"{""age"":42,""hairstyle"":""long wavy hair with flowers"",""tribe"":""Cherokee""}";2025-12-02 04:18:59.242295+00;2025-12-02 05:55:04.881286+00;professional
e3b49f6e-916e-4434-a698-bc82d13785b8;Tayanita;;Wolf;Tayanita Wolf;Young Woman;1870s;Stunning young Cherokee beauty with captivating presence. Extremely long wavy hair reaching past her waist. Wears colorful ribbon dress with multiple layers of silk ribbons.;;elevenlabs;{};[];;"{""age"":19,""hairstyle"":""extremely long wavy hair"",""tribe"":""Cherokee""}";2025-12-02 04:18:59.242295+00;2025-12-02 05:55:04.881286+00;professional
4fe99c6a-6615-4173-8348-44eb60556143;Waya;;Tsosie;Waya Tsosie;Hunter;1870s;Expert Cherokee hunter and tracker. Long hair tied with leather. Wears practical hunting clothes with wolf clan symbols.;;elevenlabs;{};[];;"{""age"":31,""hairstyle"":""long hair tied back"",""tribe"":""Cherokee""}";2025-12-02 04:18:59.242295+00;2025-12-02 05:55:04.881286+00;professional
72d0cd0b-b955-4d05-b316-c77047fa9d54;Salali;;Bird;Salali Bird;Young Maiden;1870s;Playful young Cherokee woman known for quick wit and beauty. Long flowing hair with natural waves. Wears tear dress with bright ribbon work and bells.;;elevenlabs;{};[];;"{""age"":18,""hairstyle"":""long wavy hair"",""tribe"":""Cherokee""}";2025-12-02 04:18:59.242295+00;2025-12-02 05:55:04.881286+00;professional
e4d26e18-1401-4a59-bc34-8b6babfbdfcc;Unega;;Ross;Unega Ross;Council Member;1870s;Respected Cherokee elder with wisdom of both worlds. Long gray-streaked hair. Wears traditional long coat with silver gorget.;;elevenlabs;{};[];;"{""age"":58,""hairstyle"":""long gray-streaked hair"",""tribe"":""Cherokee""}";2025-12-02 04:18:59.242295+00;2025-12-02 05:55:04.881286+00;professional
14d5fe77-c19a-44ae-8142-40be849424ae;Ahyoka;;Swimmer;Ahyoka Swimmer;Dancer;1870s;Beautiful Cherokee dancer known for grace and joy. Very long wavy hair that moves like water. Wears elaborate dance dress with ribbons and silver.;;elevenlabs;{};[];;"{""age"":21,""hairstyle"":""very long wavy hair"",""tribe"":""Cherokee""}";2025-12-02 04:18:59.242295+00;2025-12-02 05:55:04.881286+00;professional
4358c961-c625-49be-9e80-f519f64961e1;Amadahy;;Vann;Amadahy Vann;Warrior Woman;1870s;Fierce Cherokee warrior woman protecting her people. Long hair with hawk feathers. Wears warrior dress with protective symbols.;;elevenlabs;{};[];;"{""age"":28,""hairstyle"":""long hair with feathers"",""tribe"":""Cherokee""}";2025-12-02 04:18:59.242295+00;2025-12-02 05:55:04.881286+00;professional
529ca369-38b8-47f6-8e93-fa0f8dd524eb;Adsila;;Rattler;Adsila Rattler;Young Woman;1870s;Delicate beauty with gentle spirit. Waist-length wavy hair adorned with fresh flowers. Wears white tear dress with pink and white ribbon work.;;elevenlabs;{};[];;"{""age"":20,""hairstyle"":""waist-length wavy hair with flowers"",""tribe"":""Cherokee""}";2025-12-02 04:18:59.242295+00;2025-12-02 05:55:04.881286+00;professional
f47b5b40-08da-49af-bb80-a391e9b0e3a3;Galilahi;;Hawk;Galilahi Hawk;Young Man;1870s;Handsome young Cherokee known for striking looks. Long hair with beaded ties. Wears fine hunting shirt with intricate beadwork.;;elevenlabs;{};[];;"{""age"":25,""hairstyle"":""long hair with beaded ties"",""tribe"":""Cherokee""}";2025-12-02 04:18:59.242295+00;2025-12-02 05:55:04.881286+00;professional
7c1d71e0-0af2-48fb-a6c4-1e8fccbaf0e4;Kimi;;Deer;Kimi Deer;Scout;1870s;Silent and mysterious Cherokee scout. Long dark hair. Wears earth-toned clothing perfect for concealment.;;elevenlabs;{};[];;"{""age"":29,""hairstyle"":""long dark hair"",""tribe"":""Cherokee""}";2025-12-02 04:18:59.242295+00;2025-12-02 05:55:04.881286+00;professional
4edad22f-16a3-45d4-870a-bfd03a99f4bf;Taini;;Cloud;Taini Cloud;Storyteller;1870s;Enchanting Cherokee storyteller with mesmerizing voice. Very long flowing hair like darkness of night. Wears midnight blue dress with silver moon decorations.;;elevenlabs;{};[];;"{""age"":35,""hairstyle"":""very long flowing hair"",""tribe"":""Cherokee""}";2025-12-02 04:18:59.242295+00;2025-12-02 05:55:04.881286+00;professional
a9cb0410-c996-4632-9f7b-6402159f911a;Nuna;;Panther;Nuna Panther;Farmer;1870s;Strong Cherokee woman maintaining traditional agriculture. Long braided hair. Wears practical work dress with harvest symbols.;;elevenlabs;{};[];;"{""age"":38,""hairstyle"":""long braided hair"",""tribe"":""Cherokee""}";2025-12-02 04:18:59.242295+00;2025-12-02 05:55:04.881286+00;professional
d31a55c4-cd8b-47ef-8951-d3fc37eafced;Tsiyi;;Locust;Tsiyi Locust;Boat Maker;1870s;Skilled craftsman creating dugout canoes. Long hair tied with red cloth. Wears work clothes with water clan symbols.;;elevenlabs;{};[];;"{""age"":45,""hairstyle"":""long hair with red tie"",""tribe"":""Cherokee""}";2025-12-02 04:18:59.242295+00;2025-12-02 05:55:04.881286+00;professional
b9a31e1f-2e78-4789-b6d5-184ce0cda298;Ayita;;Eagle;Ayita Eagle;Dancer;1870s;Graceful lead dancer in ceremonies. Extremely long wavy hair that flows during dances. Wears ceremonial dress with eagle feathers and ribbon work.;;elevenlabs;{};[];;"{""age"":23,""hairstyle"":""extremely long wavy hair"",""tribe"":""Cherokee""}";2025-12-02 04:18:59.242295+00;2025-12-02 05:55:04.881286+00;professional
e85c2e47-c2d1-40cb-8cc2-2c82cac77d74;Onacona;;Stand;Onacona Stand;Night Hunter;1870s;Mysterious Cherokee hunter who works at night. Long silvery-black hair. Wears dark clothing with owl feather accents.;;elevenlabs;{};[];;"{""age"":36,""hairstyle"":""long silvery-black hair"",""tribe"":""Cherokee""}";2025-12-02 04:18:59.242295+00;2025-12-02 05:55:04.881286+00;professional
cc7db93d-6e87-40ad-8d72-e1bed63aa2b3;Wohali;;Bear;Wohali Bear;Warrior;1870s;Powerful Cherokee warrior with battle honors. Long hair with multiple eagle feathers. Wears war shirt with counting coup marks.;;elevenlabs;{};[];;"{""age"":40,""hairstyle"":""long hair with eagle feathers"",""tribe"":""Cherokee""}";2025-12-02 04:18:59.242295+00;2025-12-02 05:55:04.881286+00;professional
04fc54d5-aa19-452a-9ee0-0506344501c5;Tsula;;Sky;Tsula Sky;Young Warrior;1870s;Clever young Cherokee warrior known for tactical thinking. Long reddish-brown hair. Wears warrior clothing with fox fur trim.;;elevenlabs;{};[];;"{""age"":24,""hairstyle"":""long reddish-brown hair"",""tribe"":""Cherokee""}";2025-12-02 04:18:59.242295+00;2025-12-02 05:55:04.881286+00;professional
1e0290f5-4d99-496f-b371-34af1e085496;Maria;;Tallchief;Maria Tallchief;Ballerina;1980s;Legendary Osage prima ballerina who broke barriers in classical ballet. Long dark hair styled elegantly. Wears both traditional Osage regalia and ballet costumes. First Native American to achieve prima ballerina status, inspiring generations. Performs worldwide while maintaining connection to tribal heritage and teaching younger dancers.;;elevenlabs;{};[];;"{""age"":55,""hairstyle"":""long elegant styled"",""tribe"":""Osage""}";2025-12-02 04:22:18.134437+00;2025-12-02 05:55:04.881286+00;professional
208b77e7-2ad3-413e-b98e-b9dc32fa79aa;Russell;;Means;Russell Means;Activist Actor;1980s;Charismatic Lakota activist and actor bringing Native issues to mainstream. Long hair with traditional ties and modern styling. Wears mix of traditional items with contemporary fashion. Starred in major films while continuing activism for Indigenous rights. Voice for Native American causes in media and politics.;;elevenlabs;{};[];;"{""age"":44,""hairstyle"":""long activist style"",""tribe"":""Lakota""}";2025-12-02 04:22:18.134437+00;2025-12-02 05:55:04.881286+00;professional
e59719e8-0a3d-4f56-a1a7-8394537783b4;Winona;;LaDuke;Winona LaDuke;Environmentalist;1980s;Powerful Ojibwe environmental activist and economist fighting for Indigenous land rights and sustainability. Long dark hair worn naturally or in braids. Wears practical modern clothing with traditional jewelry. Leading voice in environmental justice movement, combining traditional ecological knowledge with modern activism.;;elevenlabs;{};[];;"{""age"":29,""hairstyle"":""long natural or braided"",""tribe"":""Ojibwe""}";2025-12-02 04:22:18.134437+00;2025-12-02 05:55:04.881286+00;professional
54e518b0-1818-4cd6-bce3-a79889be181a;Morning;;Star;Morning Star;Beauty Queen;1980s;Stunning young Navajo woman competing in beauty pageants while promoting Native culture. Very long wavy black hair styled in modern 1980s fashion. Wears both traditional woven dresses and contemporary evening gowns. Uses platform to educate about Navajo traditions and contemporary Indigenous issues.;;elevenlabs;{};[];;"{""age"":22,""hairstyle"":""very long wavy 1980s"",""tribe"":""Navajo""}";2025-12-02 04:22:18.134437+00;2025-12-02 05:55:04.881286+00;professional
0eade941-49a1-4b9e-a593-54b0b600ad29;John;;Redcorn;John Redcorn;Artist;1980s;Talented Cherokee artist creating contemporary Native American art. Long hair often in ponytail. Wears casual 1980s clothing with traditional vest and jewelry. Work bridges traditional themes with modern artistic techniques, exhibited in galleries nationwide while teaching young Native artists.;;elevenlabs;{};[];;"{""age"":35,""hairstyle"":""long ponytail"",""tribe"":""Cherokee""}";2025-12-02 04:22:18.134437+00;2025-12-02 05:55:04.881286+00;professional
5b6bac16-1c13-45c2-a197-70b867e49a8f;Wilma;;Mankiller;Wilma Mankiller;Chief;1980s;First female Principal Chief of Cherokee Nation, breaking gender barriers in tribal leadership. Shoulder-length dark hair with modern styling. Wears professional business attire with traditional Cherokee jewelry. Led tribe through economic development and cultural renaissance, inspiring Native women leaders everywhere.;;elevenlabs;{};[];;"{""age"":46,""hairstyle"":""shoulder-length professional"",""tribe"":""Cherokee""}";2025-12-02 04:22:18.134437+00;2025-12-02 05:55:04.881286+00;professional
9a237524-1b5d-4a8b-870f-44f26622c976;Dancing;;Feather;Dancing Feather;Traditional Dancer;1980s;Beautiful young Lakota powwow dancer winning competitions nationwide. Extremely long wavy hair reaching her waist, adorned with feathers during performances. Wears stunning traditional dance regalia with intricate beadwork and fringe. Travels powwow circuit promoting traditional arts while studying at university.;;elevenlabs;{};[];;"{""age"":19,""hairstyle"":""extremely long wavy to waist"",""tribe"":""Lakota""}";2025-12-02 04:22:18.134437+00;2025-12-02 05:55:04.881286+00;professional
89de27e5-0ae6-4b31-9aee-ba1551ca3ce3;Thunder;;Heart;Thunder Heart;Musician;1980s;Apache rock musician blending traditional sounds with contemporary music. Long feathered hair in 1980s rock style. Wears leather, denim, and traditional Apache items. Band performs at venues nationwide, introducing Native themes and instruments to mainstream rock audiences, breaking stereotypes through music.;;elevenlabs;{};[];;"{""age"":28,""hairstyle"":""long feathered rock style"",""tribe"":""Apache""}";2025-12-02 04:22:18.134437+00;2025-12-02 05:55:04.881286+00;professional
deb4390c-5154-4d0b-8504-b5533e272a0f;Sky;;Woman;Sky Woman;Model;1980s;Striking Crow fashion model breaking into mainstream modeling industry. Very long flowing black hair with perfect waves. Wears high fashion alongside traditional Crow regalia. One of first Native American models in major fashion magazines, using platform to showcase Indigenous beauty and dignity.;;elevenlabs;{};[];;"{""age"":24,""hairstyle"":""very long flowing perfect"",""tribe"":""Crow""}";2025-12-02 04:22:18.134437+00;2025-12-02 05:55:04.881286+00;professional
68aad964-01d2-4362-84d6-98f419910567;Red;;Earth;Red Earth;Professor;1980s;Respected Cheyenne professor teaching Native American Studies. Long hair with professional styling. Wears academic attire with traditional touches. Published scholar documenting Cheyenne history and contemporary Indigenous issues, mentoring next generation of Native scholars and activists at major university.;;elevenlabs;{};[];;"{""age"":42,""hairstyle"":""long professional"",""tribe"":""Cheyenne""}";2025-12-02 04:22:18.134437+00;2025-12-02 05:55:04.881286+00;professional
d4601bcf-c3d5-41be-8015-9d02c89b3112;Crystal;;Rain;Crystal Rain;Entrepreneur;1990s;Successful Navajo businesswoman creating jewelry company selling traditional designs. Long black hair styled in modern 1990s fashion. Wears professional business attire with extensive turquoise and silver jewelry. Built thriving business employing tribal members, bringing Navajo crafts to global markets.;;elevenlabs;{};[];;"{""age"":32,""hairstyle"":""long 1990s styled"",""tribe"":""Navajo""}";2025-12-02 04:22:18.134437+00;2025-12-02 05:55:04.881286+00;professional
8e089a47-00c6-43a6-a786-c2e7c7e740fc;Storm;;Chaser;Storm Chaser;Stuntman;1990s;Daring Comanche stuntman and horseman working in Hollywood films. Long hair tied back for stunts. Wears cowboy attire and protective gear. Performs dangerous horseback stunts in major Western films, one of few Native stuntmen in industry, teaching traditional riding techniques to actors.;;elevenlabs;{};[];;"{""age"":36,""hairstyle"":""long tied for stunts"",""tribe"":""Comanche""}";2025-12-02 04:22:18.134437+00;2025-12-02 05:55:04.881286+00;professional
29e0d358-9789-41c3-bc01-c2d2869cc096;Raven;;Beauty;Raven Beauty;Pageant Winner;1990s;Gorgeous young Lakota woman crowned Miss Indian America. Extremely long wavy hair cascading down her back with perfect styling. Wears both traditional beaded regalia and elegant evening gowns. Uses title to promote Native youth education and cultural preservation programs across reservations.;;elevenlabs;{};[];;"{""age"":21,""hairstyle"":""extremely long cascading wavy"",""tribe"":""Lakota""}";2025-12-02 04:22:18.134437+00;2025-12-02 05:55:04.881286+00;professional
528d7fd4-9a0c-44f7-80be-ea6ce399e624;Mahala;Woman;Chief Joseph;Mahala Woman Chief Joseph;Beautiful Young Nez Perce Woman;1880s;Gorgeous 18-year-old with waist-length wavy hair, delicate features, wearing stunning beaded dress with shells;;elevenlabs;{};[];;"{""age"":18,""beauty"":""radiant"",""hair"":""waist-length wavy"",""tribe"":""Nez Perce""}";2025-12-02 04:34:40.638597+00;2025-12-02 05:55:04.881286+00;professional
89c31676-1040-40fc-aed5-3850ffc7c792;Eagle;;Dancer;Eagle Dancer;Performer;1990s;Charismatic Cheyenne traditional dancer performing worldwide. Long hair with elaborate feather ornaments. Wears authentic Cheyenne dance regalia with modern performance enhancements. Showcases traditional dances at international festivals, educating global audiences about Plains Indian cultures and traditions.;;elevenlabs;{};[];;"{""age"":29,""hairstyle"":""long with feather ornaments"",""tribe"":""Cheyenne""}";2025-12-02 04:22:18.134437+00;2025-12-02 05:55:04.881286+00;professional
98210acb-aad1-4402-a2d2-232cd70e02ed;Jade;;Moon;Jade Moon;Attorney;1990s;Brilliant young Cherokee lawyer specializing in tribal sovereignty cases. Long dark hair in professional bob or updo. Wears power suits with turquoise jewelry. Argues landmark cases protecting tribal rights in federal courts, part of new generation of Native legal professionals defending Indigenous sovereignty.;;elevenlabs;{};[];;"{""age"":31,""hairstyle"":""professional bob or updo"",""tribe"":""Cherokee""}";2025-12-02 04:22:18.134437+00;2025-12-02 05:55:04.881286+00;professional
f3ffcd2b-665b-4a0b-9369-5efafc890f3e;Silver;;Star;Silver Star;Singer;1990s;Talented Apache country-western singer with beautiful voice. Very long wavy black hair styled for performances. Wears rhinestone cowgirl outfits mixed with Apache designs. Records albums blending country music with Native themes, performs at Grand Ole Opry, breaking into Nashville music scene.;;elevenlabs;{};[];;"{""age"":26,""hairstyle"":""very long wavy performance"",""tribe"":""Apache""}";2025-12-02 04:22:18.134437+00;2025-12-02 05:55:04.881286+00;professional
e3f5ccf1-bf8a-4aaa-800c-baeedd97eb3c;Amber;;Sky;Amber Sky;Doctor;1990s;Dedicated Navajo physician returning to serve reservation community. Long hair in practical bun or braid for medical work. Wears scrubs and white coat with turquoise jewelry. First in family to attend medical school, now running clinic bringing modern healthcare to remote reservation areas.;;elevenlabs;{};[];;"{""age"":34,""hairstyle"":""long practical medical"",""tribe"":""Navajo""}";2025-12-02 04:22:18.134437+00;2025-12-02 05:55:04.881286+00;professional
f81ad1ff-a183-444f-8450-809bdf26a8c6;Wolf;;Runner;Wolf Runner;Athlete;1990s;Elite Blackfeet long-distance runner competing internationally. Long hair tied back for running. Wears running gear with tribal colors and symbols. Qualified for Olympic trials, representing both United States and Blackfeet Nation, inspiring Native youth to pursue athletic excellence and education.;;elevenlabs;{};[];;"{""age"":24,""hairstyle"":""long athletic ponytail"",""tribe"":""Blackfeet""}";2025-12-02 04:22:18.134437+00;2025-12-02 05:55:04.881286+00;professional
10a760d0-e755-4460-9e2f-26fd3091e437;Starlight;;Dancer;Starlight Dancer;Choreographer;1990s;Innovative Crow choreographer blending modern dance with traditional movements. Very long flowing hair featured in performances. Wears both dance attire and traditional Crow regalia. Creates groundbreaking performances combining ballet, modern dance, and traditional Crow dances, touring nationally with company.;;elevenlabs;{};[];;"{""age"":27,""hairstyle"":""very long performance flowing"",""tribe"":""Crow""}";2025-12-02 04:22:18.134437+00;2025-12-02 05:55:04.881286+00;professional
8679b594-b3cc-44de-bad6-005255124fd1;Brave;;Bear;Brave Bear;Film Director;1990s;Visionary Lakota filmmaker telling authentic Native stories. Long hair with modern casual styling. Wears jeans, t-shirts, and leather jacket with traditional items. Directing independent films showcasing real Native experiences, fighting against Hollywood stereotypes, winning awards at film festivals worldwide.;;elevenlabs;{};[];;"{""age"":38,""hairstyle"":""long casual modern"",""tribe"":""Lakota""}";2025-12-02 04:22:18.134437+00;2025-12-02 05:55:04.881286+00;professional
270bea00-c7cc-4d0a-a49d-57547bd5a8ea;Aurora;;Dawn;Aurora Dawn;Tech Entrepreneur;2000s;Brilliant young Navajo software engineer founding tech startup. Long black hair in sleek modern style or messy bun. Wears casual tech industry clothing with silver jewelry. Building apps connecting Native communities and preserving Indigenous languages through technology, featured in tech magazines as rising star.;;elevenlabs;{};[];;"{""age"":25,""hairstyle"":""long sleek tech style"",""tribe"":""Navajo""}";2025-12-02 04:22:18.134437+00;2025-12-02 05:55:04.881286+00;professional
784e08da-fe9a-49b1-a492-766a590b1d85;Thunder;;Cloud;Thunder Cloud;MMA Fighter;2000s;Powerful Cherokee mixed martial arts fighter competing professionally. Long hair in warrior braids or topknot. Wears fight gear and traditional Cherokee items. Rising star in MMA world, fighting in major promotions, bringing attention to Native athletes and tribal pride through combat sports success.;;elevenlabs;{};[];;"{""age"":28,""hairstyle"":""long warrior braids"",""tribe"":""Cherokee""}";2025-12-02 04:22:18.134437+00;2025-12-02 05:55:04.881286+00;professional
6d063350-53a9-4492-a2d5-d81615f3a5e5;Willow;;Song;Willow Song;Folk Singer;2000s;Enchanting young Apache folk musician with haunting voice. Very long wavy hair worn naturally flowing. Wears bohemian style mixed with traditional Apache elements. Writes songs about contemporary Native experience, performs at coffee houses and festivals, building devoted following with authentic storytelling through music.;;elevenlabs;{};[];;"{""age"":22,""hairstyle"":""very long natural flowing"",""tribe"":""Apache""}";2025-12-02 04:22:18.134437+00;2025-12-02 05:55:04.881286+00;professional
51a67ce1-d95b-403e-959c-d6d8a412a833;Running;;Wolf;Running Wolf;Park Ranger;2000s;Dedicated Lakota park ranger protecting sacred Black Hills. Long hair with traditional ties. Wears ranger uniform with traditional items. Educates tourists about Lakota history and sacred sites, works to protect Indigenous cultural resources, bridges Park Service and tribal communities.;;elevenlabs;{};[];;"{""age"":35,""hairstyle"":""long with ties"",""tribe"":""Lakota""}";2025-12-02 04:22:18.134437+00;2025-12-02 05:55:04.881286+00;professional
7c9720ec-013b-4b88-9fd9-403f922c9087;Sage;;Blossom;Sage Blossom;Herbalist;2000s;Knowledgeable young Cheyenne herbalist reviving traditional plant medicine. Long wavy hair often with sage or flowers. Wears natural fiber clothing with traditional beadwork. Teaches workshops on traditional medicines, works with tribal elders documenting healing knowledge, runs organic herb farm on reservation.;;elevenlabs;{};[];;"{""age"":29,""hairstyle"":""long wavy with herbs"",""tribe"":""Cheyenne""}";2025-12-02 04:22:18.134437+00;2025-12-02 05:55:04.881286+00;professional
02bbd301-c43d-48ca-be78-0fd615249119;Phoenix;;Rising;Phoenix Rising;Activist;2000s;Passionate Comanche activist fighting for Indigenous rights and environmental justice. Long flowing hair with activist bandanas or headbands. Wears protest clothing mixed with traditional items. Organizes rallies protecting sacred sites, works with international Indigenous movements, uses social media to amplify Native voices.;;elevenlabs;{};[];;"{""age"":26,""hairstyle"":""long activist style"",""tribe"":""Comanche""}";2025-12-02 04:22:18.134437+00;2025-12-02 05:55:04.881286+00;professional
e51b3962-d4dc-471d-a6b6-6668c10f8a7c;Destiny;;Rain;Destiny Rain;Fashion Designer;2000s;Talented Navajo fashion designer creating contemporary Native fashion line. Very long straight black hair with modern styling. Wears own designs blending traditional weaving patterns with haute couture. Showcased at New York Fashion Week, bringing Native fashion to mainstream, employing reservation artisans.;;elevenlabs;{};[];;"{""age"":31,""hairstyle"":""very long straight modern"",""tribe"":""Navajo""}";2025-12-02 04:22:18.134437+00;2025-12-02 05:55:04.881286+00;professional
0397a79d-a261-46cc-b691-779cb68733c2;Bear;;Shield;Bear Shield;Tribal Police;2000s;Dedicated Crow tribal police officer protecting reservation community. Long hair in neat braid or bun for duty. Wears police uniform with traditional items off-duty. Works to reduce crime while respecting traditional justice systems, mentors at-risk youth, bridges tribal and federal law enforcement.;;elevenlabs;{};[];;"{""age"":33,""hairstyle"":""long neat braid"",""tribe"":""Crow""}";2025-12-02 04:22:18.134437+00;2025-12-02 05:55:04.881286+00;professional
4cb9433e-a1be-4469-a0d0-76c854b37607;Moonbeam;;Dancer;Moonbeam Dancer;Yoga Instructor;2000s;Graceful Blackfeet yoga teacher blending practice with traditional spirituality. Long flowing hair worn loose or in braids. Wears yoga attire with traditional jewelry. Teaches classes on reservation and in city studios, incorporates Native spiritual teachings into practice, promotes wellness in tribal communities.;;elevenlabs;{};[];;"{""age"":27,""hairstyle"":""long flowing yoga style"",""tribe"":""Blackfeet""}";2025-12-02 04:22:18.134437+00;2025-12-02 05:55:04.881286+00;professional
fabe3f3e-a888-4bd2-8823-3956c372dac6;Hawk;;Vision;Hawk Vision;Photographer;2000s;Acclaimed Cherokee photographer documenting contemporary Native life. Long hair with artistic styling. Wears photographer vests and casual clothing with traditional accessories. Work exhibited in galleries nationwide, captures authentic Indigenous experiences, challenges stereotypes through powerful documentary photography.;;elevenlabs;{};[];;"{""age"":40,""hairstyle"":""long artistic"",""tribe"":""Cherokee""}";2025-12-02 04:22:18.134437+00;2025-12-02 05:55:04.881286+00;professional
e5e328f3-dea3-4de3-af8e-a4895fd0acc8;Crystal;;Waters;Crystal Waters;Environmental Scientist;2000s;Dedicated Lakota water quality scientist protecting tribal water resources. Long hair in practical ponytail for fieldwork. Wears field research clothing with traditional items. Monitors reservation water quality, fights pollution affecting tribal lands, combines traditional knowledge with modern science.;;elevenlabs;{};[];;"{""age"":34,""hairstyle"":""long practical ponytail"",""tribe"":""Lakota""}";2025-12-02 04:22:18.134437+00;2025-12-02 05:55:04.881286+00;professional
cec8ff93-a9e1-416c-a4e6-58dea0fc93b0;Ember;;Sky;Ember Sky;Journalist;2000s;Bold young Apache journalist covering Native issues for major outlets. Very long dark hair with modern professional styling. Wears contemporary professional attire with silver jewelry. Reports on Indigenous affairs for national media, fights for accurate Native representation in journalism, mentors young Native reporters.;;elevenlabs;{};[];;"{""age"":28,""hairstyle"":""very long professional"",""tribe"":""Apache""}";2025-12-02 04:22:18.134437+00;2025-12-02 05:55:04.881286+00;professional
bedf36e8-4c6d-42e1-8759-918777cbcb10;Summer;;Rose;Summer Rose;Teacher;2000s;Devoted Cheyenne teacher working in tribal school system. Long hair styled professionally for classroom. Wears teacher attire with traditional touches. Teaches Cheyenne language and culture to students, develops curriculum preserving traditional knowledge, fights to revitalize Native language among youth.;;elevenlabs;{};[];;"{""age"":36,""hairstyle"":""long professional teacher"",""tribe"":""Cheyenne""}";2025-12-02 04:22:18.134437+00;2025-12-02 05:55:04.881286+00;professional
035c23ee-ed63-4e55-ad35-ca2ea918b3cf;Lightning;;Feather;Lightning Feather;Electrician;2000s;Skilled Navajo electrician bringing power to remote reservation areas. Long hair tied back for safety during work. Wears work clothes and safety gear. Learned trade through tribal program, now runs own business employing other Native workers, bringing modern utilities to traditional homesteads.;;elevenlabs;{};[];;"{""age"":32,""hairstyle"":""long tied for safety"",""tribe"":""Navajo""}";2025-12-02 04:22:18.134437+00;2025-12-02 05:55:04.881286+00;professional
c3b18bdf-3219-470c-8c4c-9a07c1b11786;Autumn;;Moon;Autumn Moon;Veterinarian;2000s;Compassionate Comanche veterinarian caring for animals on reservation. Long hair in practical braid for animal work. Wears scrubs with traditional jewelry. Treats livestock and pets in tribal community, combines traditional animal medicine with modern veterinary practice, serves rural reservation areas.;;elevenlabs;{};[];;"{""age"":30,""hairstyle"":""long practical braid"",""tribe"":""Comanche""}";2025-12-02 04:22:18.134437+00;2025-12-02 05:55:04.881286+00;professional
7dabfb58-2ea6-452b-bd6d-430460eb033e;River;;Song;River Song;Social Worker;2000s;Dedicated Crow social worker helping tribal families and children. Long flowing hair with professional styling. Wears professional attire with Crow jewelry. Works for tribal social services, advocates for Native families in system, combines traditional support systems with modern social work practices.;;elevenlabs;{};[];;"{""age"":29,""hairstyle"":""long professional flowing"",""tribe"":""Crow""}";2025-12-02 04:22:18.134437+00;2025-12-02 05:55:04.881286+00;professional
1833e6dc-39d6-4532-96f2-0675e51d0bcc;Snowfall;;Beauty;Snowfall Beauty;Dental Hygienist;2000s;Caring young Blackfeet dental hygienist serving reservation clinic. Very long hair pulled back for dental work. Wears scrubs with traditional jewelry. Provides dental care to underserved tribal community, teaches children about oral health, works to expand dental services on reservation.;;elevenlabs;{};[];;"{""age"":25,""hairstyle"":""very long pulled back"",""tribe"":""Blackfeet""}";2025-12-02 04:22:18.134437+00;2025-12-02 05:55:04.881286+00;professional
059590d1-6459-4c6b-8179-f026f60ef7e0;Storm;;Eagle;Storm Eagle;Construction Worker;2000s;Hardworking Lakota construction worker building tribal housing. Long hair with hard hat for work sites. Wears construction gear with traditional items off-work. Helps build affordable housing on reservation, learned skilled trade, employs and trains other tribal members in construction industry.;;elevenlabs;{};[];;"{""age"":37,""hairstyle"":""long with hard hat"",""tribe"":""Lakota""}";2025-12-02 04:22:18.134437+00;2025-12-02 05:55:04.881286+00;professional
2c215136-4673-406c-93c9-12a439594df7;Morning;;Light;Morning Light;Nurse;2000s;Compassionate Cherokee nurse working in Indian Health Service. Long dark hair in neat bun for nursing. Wears scrubs with Cherokee jewelry. Provides healthcare to tribal members, works long hours at understaffed clinic, dedicated to improving health outcomes in Native communities through quality nursing care.;;elevenlabs;{};[];;"{""age"":33,""hairstyle"":""long neat bun"",""tribe"":""Cherokee""}";2025-12-02 04:22:18.134437+00;2025-12-02 05:55:04.881286+00;professional
68676f3e-2db3-4561-a716-be7732017d25;Desert;;Star;Desert Star;Archaeologist;2000s;Passionate Apache archaeologist protecting ancestral sites and artifacts. Long hair worn practically for fieldwork. Wears field clothes with traditional accessories. Works to return sacred items to tribes, documents ancient Apache sites, fights looting of Indigenous cultural heritage, bridges science and tradition.;;elevenlabs;{};[];;"{""age"":35,""hairstyle"":""long practical field"",""tribe"":""Apache""}";2025-12-02 04:22:18.134437+00;2025-12-02 05:55:04.881286+00;professional
67f0e6b1-1af4-42c3-86d9-cae5d80d8c14;Spring;;Meadow;Spring Meadow;Medical Lab Tech;2020s;Detail-oriented Cherokee medical laboratory technician analyzing patient samples. Long hair in tight bun for lab work. Wears lab coat and safety gear with jewelry underneath. Performs crucial diagnostic tests, processes specimens, ensures accurate lab results, vital behind-scenes healthcare worker.;;elevenlabs;{};[];;"{""age"":25,""hairstyle"":""long tight lab bun"",""tribe"":""Cherokee""}";2025-12-02 04:24:04.974986+00;2025-12-02 05:55:04.881286+00;professional
380a2f0e-1890-495c-9cd4-4a813bdc57a6;Willow;;Star;Willow Star;Surgical Tech;2020s;Precise Apache surgical technologist assisting in operating rooms. Long hair completely covered for sterile surgery. Wears surgical scrubs and sterile gear. Assists surgeons during operations, maintains sterile field, critical member of surgical team performing life-saving procedures.;;elevenlabs;{};[];;"{""age"":26,""hairstyle"":""long covered surgical"",""tribe"":""Apache""}";2025-12-02 04:24:04.974986+00;2025-12-02 05:55:04.881286+00;professional
6bea9c5e-b28f-4e01-9ee7-e3dbfc2a895a;River;;Moon;River Moon;Pharmacy Tech;2020s;Helpful young Cheyenne pharmacy technician serving tribal pharmacy. Very long hair in neat professional pharmacy style. Wears pharmacy uniform with traditional jewelry. Assists pharmacist, fills prescriptions, counsels patients on medications, ensures tribal members receive needed medicines.;;elevenlabs;{};[];;"{""age"":23,""hairstyle"":""very long neat pharmacy"",""tribe"":""Cheyenne""}";2025-12-02 04:24:04.974986+00;2025-12-02 05:55:04.881286+00;professional
78853aca-aae8-4f8e-a21f-2206ea8dbac8;Ocean;;Blue;Ocean Blue;Counselor;2020s;Empathetic Navajo addiction counselor helping tribal members overcome substance abuse. Long black wavy hair in counseling professional style. Wears professional counseling attire with turquoise. Provides substance abuse counseling, runs support groups, addresses addiction crisis in Native communities with culturally-informed approaches.;;elevenlabs;{};[];;"{""age"":29,""hairstyle"":""long wavy counseling"",""tribe"":""Navajo""}";2025-12-02 04:24:04.974986+00;2025-12-02 05:55:04.881286+00;professional
3b7df997-a59e-4660-a860-08c606b77981;Isabella;;RedFeather;Isabella RedFeather;Fashion Model;2020s;Stunning Lakota fashion model walking runways worldwide. Extremely long straight black hair with modern styling. Wears haute couture and traditional regalia. Signed with major modeling agency, featured in fashion magazines, represents new generation of Native models breaking into high fashion industry.;;elevenlabs;{};[];;"{""age"":21,""hairstyle"":""extremely long straight"",""tribe"":""Lakota""}";2025-12-02 04:30:41.990731+00;2025-12-02 05:55:04.881286+00;professional
791aac9a-d5d5-43aa-8188-e83affe23204;Kai;;Yellowhorse;Kai Yellowhorse;Fitness Influencer;2020s;Athletic Navajo fitness coach inspiring thousands online. Very long wavy hair in athletic styles. Wears athletic wear with turquoise jewelry. Posts workout videos, promotes healthy living, combines traditional foods with modern fitness, builds Native fitness community on social media.;;elevenlabs;{};[];;"{""age"":23,""hairstyle"":""very long athletic wavy"",""tribe"":""Navajo""}";2025-12-02 04:30:41.990731+00;2025-12-02 05:55:04.881286+00;professional
534d0718-3f8e-480c-9a52-eae7977ed30f;Sienna;;Blackbear;Sienna Blackbear;Makeup Artist;2020s;Talented Cherokee makeup artist creating viral beauty looks. Long perfectly styled hair showcasing skills. Wears trendy fashion with traditional jewelry. Creates Indigenous-inspired makeup tutorials, millions of views, teaches traditional face paint meanings through modern makeup, successful beauty brand partnerships.;;elevenlabs;{};[];;"{""age"":22,""hairstyle"":""long perfect styled"",""tribe"":""Cherokee""}";2025-12-02 04:30:41.990731+00;2025-12-02 05:55:04.881286+00;professional
2b76d617-39f1-416c-a32d-6ecc81ea923f;Dakota;;Runs;Dakota Runs;Track Star;2020s;Elite Apache college track athlete breaking records. Long hair in tight athletic braids. Wears university track uniform with tribal pride items. NCAA champion sprinter, Olympic hopeful, represents Indigenous excellence in collegiate athletics, inspires Native youth through athletic achievements.;;elevenlabs;{};[];;"{""age"":20,""hairstyle"":""long athletic braids"",""tribe"":""Apache""}";2025-12-02 04:30:41.990731+00;2025-12-02 05:55:04.881286+00;professional
1c607c59-c91d-4b2b-9753-c77dd3bbf4f6;Aria;;Whitehawk;Aria Whitehawk;Jewelry Designer;2020s;Creative young Cheyenne jewelry designer selling online. Very long wavy hair. Wears own jewelry designs with modern fashion. Creates contemporary pieces inspired by traditional designs, successful Etsy shop, featured in Native fashion blogs, blends traditional metalsmithing with modern aesthetics.;;elevenlabs;{};[];;"{""age"":24,""hairstyle"":""very long wavy"",""tribe"":""Cheyenne""}";2025-12-02 04:30:41.990731+00;2025-12-02 05:55:04.881286+00;professional
f12b51ab-7249-45bc-8fc4-ab9dc242fef1;Maya;;Stormcloud;Maya Stormcloud;Photographer;2020s;Artistic Comanche photographer capturing Indigenous beauty. Long flowing hair with creative styling. Wears photographer gear with traditional items. Instagram features stunning portraits of Native people, fights stereotypes through powerful imagery, builds large following with authentic Indigenous photography.;;elevenlabs;{};[];;"{""age"":23,""hairstyle"":""long creative flowing"",""tribe"":""Comanche""}";2025-12-02 04:30:41.990731+00;2025-12-02 05:55:04.881286+00;professional
0250a7d3-c947-4f6e-a229-8962327f1e63;Luna;;Redhawk;Luna Redhawk;Barista Entrepreneur;2020s;Ambitious young Crow woman opening Native-themed coffee shop. Very long black hair in trendy styles. Wears coffee shop chic with tribal jewelry. Created reservation coffee shop, roasts own beans, incorporates traditional designs, builds community gathering space for youth.;;elevenlabs;{};[];;"{""age"":22,""hairstyle"":""very long trendy"",""tribe"":""Crow""}";2025-12-02 04:30:41.990731+00;2025-12-02 05:55:04.881286+00;professional
1e67b2d4-f0af-4794-a8bc-2810aa4383ad;Eden;;Moonshadow;Eden Moonshadow;Yoga Teacher;2020s;Peaceful Blackfeet yoga instructor teaching wellness. Extremely long wavy hair worn in yoga styles. Wears yoga clothing with traditional elements. Teaches classes blending yoga and Native spirituality, promotes mental health, offers free classes on reservation, builds Indigenous wellness movement.;;elevenlabs;{};[];;"{""age"":21,""hairstyle"":""extremely long yoga wavy"",""tribe"":""Blackfeet""}";2025-12-02 04:30:41.990731+00;2025-12-02 05:55:04.881286+00;professional
eabbafdb-dfa1-4e43-a890-54f0e59ac1fe;Zara;;Littlebear;Zara Littlebear;Veterinary Assistant;2020s;Compassionate young Lakota vet assistant caring for animals. Long hair pulled back for animal care. Wears scrubs with traditional jewelry. Works at reservation veterinary clinic, dreams of becoming veterinarian, provides affordable pet care to tribal members, loves all animals.;;elevenlabs;{};[];;"{""age"":20,""hairstyle"":""long pulled back"",""tribe"":""Lakota""}";2025-12-02 04:30:41.990731+00;2025-12-02 05:55:04.881286+00;professional
63f4b156-2a6f-4091-b0e3-653591ae0ec6;Nova;;Brighteyes;Nova Brighteyes;Elementary Teacher;2020s;Dedicated Cherokee elementary teacher inspiring young students. Very long hair in professional teacher style. Wears teacher fashion with turquoise. Teaches on reservation, incorporates traditional stories into lessons, first-generation college graduate, mentors Native students toward education.;;elevenlabs;{};[];;"{""age"":24,""hairstyle"":""very long teacher professional"",""tribe"":""Cherokee""}";2025-12-02 04:30:41.990731+00;2025-12-02 05:55:04.881286+00;professional
89feaaff-c4e8-4ccf-b590-ee5c200cde60;Skye;;Eaglefeather;Skye Eaglefeather;Dance Team Captain;2020s;Energetic Apache college dance team captain leading performances. Long flowing hair in performance styles. Wears dance team uniform and traditional dance regalia. Choreographs routines, leads team to championships, incorporates Native movements into modern dance, inspiring Indigenous dancers.;;elevenlabs;{};[];;"{""age"":21,""hairstyle"":""long performance flowing"",""tribe"":""Apache""}";2025-12-02 04:30:41.990731+00;2025-12-02 05:55:04.881286+00;professional
e55082ca-ba94-40b4-84d3-ca465c30b750;Raina;;Windwalker;Raina Windwalker;Environmental Activist;2020s;Passionate young Cheyenne climate activist organizing youth. Very long wavy hair with activist styling. Wears sustainable fashion with traditional items. Leads climate protests, speaks at rallies, uses social media to organize, fights for environmental justice in Indigenous communities.;;elevenlabs;{};[];;"{""age"":22,""hairstyle"":""very long activist wavy"",""tribe"":""Cheyenne""}";2025-12-02 04:30:41.990731+00;2025-12-02 05:55:04.881286+00;professional
f53c8b14-831b-484c-80d4-0b79d02ff973;Jade;;Riverbend;Jade Riverbend;Dental Hygienist;2020s;Caring Navajo dental hygienist serving reservation. Long hair in neat healthcare bun. Wears scrubs with silver jewelry. Works in tribal dental clinic, provides preventive care, teaches children about oral health, committed to reducing dental disparities in Native communities.;;elevenlabs;{};[];;"{""age"":23,""hairstyle"":""long neat healthcare"",""tribe"":""Navajo""}";2025-12-02 04:30:41.990731+00;2025-12-02 05:55:04.881286+00;professional
7363d7a5-8dae-4d3a-bed0-a086a916b4c9;Phoenix;;Clearwater;Phoenix Clearwater;Cosmetology Student;2020s;Talented Comanche cosmetology student training in hair and beauty. Extremely long perfectly styled hair showcasing skills. Wears trendy beauty school fashion. Attends cosmetology school, plans to open salon on reservation, specializes in styling Native hair, builds clientele through social media.;;elevenlabs;{};[];;"{""age"":19,""hairstyle"":""extremely long perfect showcase"",""tribe"":""Comanche""}";2025-12-02 04:30:41.990731+00;2025-12-02 05:55:04.881286+00;professional
aa6ca36e-0f14-445a-be1b-e9ad25c6ce44;Willow;;Nighthawk;Willow Nighthawk;Criminal Justice Major;2020s;Determined Crow criminal justice student aiming for FBI. Long hair in serious professional style. Wears university clothing with traditional items. Studies criminal justice, wants to work missing and murdered Indigenous women cases, advocates for tribal law enforcement, future law enforcement leader.;;elevenlabs;{};[];;"{""age"":22,""hairstyle"":""long professional serious"",""tribe"":""Crow""}";2025-12-02 04:30:41.990731+00;2025-12-02 05:55:04.881286+00;professional
c2ca704d-ef53-4ffc-a153-52e69431cd9e;Aurora;;Fawnfoot;Aurora Fawnfoot;Preschool Teacher;2020s;Nurturing young Blackfeet preschool teacher loving children. Very long wavy hair. Wears fun teacher clothing with traditional touches. Teaches Head Start program, speaks tribal language to children, helps preserve language through early education, creates loving learning environment.;;elevenlabs;{};[];;"{""age"":23,""hairstyle"":""very long wavy"",""tribe"":""Blackfeet""}";2025-12-02 04:30:41.990731+00;2025-12-02 05:55:04.881286+00;professional
03e85929-0808-4817-95d1-1eda9428811d;Storm;;Prettygirl;Storm Prettygirl;Nail Technician;2020s;Artistic Lakota nail tech creating beautiful Native-inspired designs. Long hair styled perfectly matching nails. Wears trendy nail tech fashion with traditional jewelry. Runs nail salon, creates Indigenous-inspired nail art, posts tutorials online, builds successful beauty business.;;elevenlabs;{};[];;"{""age"":21,""hairstyle"":""long perfect styled"",""tribe"":""Lakota""}";2025-12-02 04:30:41.990731+00;2025-12-02 05:55:04.881286+00;professional
f82d41c2-73ce-4b66-89c8-1f61440b250c;Ember;;Sweetgrass;Ember Sweetgrass;Baker;2020s;Creative Cherokee baker incorporating traditional ingredients into treats. Long hair always neat for baking. Wears apron and casual clothing with turquoise. Bakes using traditional ingredients like wild berries and corn, sells at farmers markets, builds loyal following for unique Indigenous-inspired baked goods.;;elevenlabs;{};[];;"{""age"":24,""hairstyle"":""long neat baking"",""tribe"":""Cherokee""}";2025-12-02 04:30:41.990731+00;2025-12-02 05:55:04.881286+00;professional
b2fb8cfc-e881-4e1d-9232-f4ef0ac9124b;River;;Quicksilver;River Quicksilver;Tattoo Apprentice;2020s;Edgy young Apache tattoo artist learning traditional tribal tattoos. Very long dark hair with alternative styling. Wears tattoo shop clothing with traditional items. Apprenticing at tattoo shop, researching traditional Apache tattoo designs, reviving ancient body art, creating modern Indigenous tattoo art.;;elevenlabs;{};[];;"{""age"":22,""hairstyle"":""very long alternative"",""tribe"":""Apache""}";2025-12-02 04:30:41.990731+00;2025-12-02 05:55:04.881286+00;professional
632e6fbd-7de6-45b4-90a8-5c6c94256c5d;Meadow;;Lightfoot;Meadow Lightfoot;Childcare Provider;2020s;Loving Cheyenne childcare worker caring for tribal children. Long flowing hair. Wears comfortable childcare clothing with traditional touches. Runs home daycare on reservation, provides affordable childcare, teaches language and culture to young children, supports working Native families.;;elevenlabs;{};[];;"{""age"":23,""hairstyle"":""long flowing"",""tribe"":""Cheyenne""}";2025-12-02 04:30:41.990731+00;2025-12-02 05:55:04.881286+00;professional
b5850b43-5bd7-465d-89d2-e79a8724389b;Luna;;Silvercloud;Luna Silvercloud;Certified Nursing Assistant;2020s;Compassionate young Navajo CNA caring for elders. Long hair in practical healthcare styling. Wears scrubs with silver jewelry. Works in nursing home, cares for elderly tribal members with respect, helps with daily living activities, bridge between modern care and traditional elder respect.;;elevenlabs;{};[];;"{""age"":20,""hairstyle"":""long practical healthcare"",""tribe"":""Navajo""}";2025-12-02 04:30:41.990731+00;2025-12-02 05:55:04.881286+00;professional
03af2825-565e-4ae5-b5ff-91492842df0e;Sage;;Willowbrook;Sage Willowbrook;Phlebotomist;2020s;Skilled Comanche phlebotomist drawing blood at tribal clinic. Very long hair in professional medical style. Wears scrubs with traditional jewelry. Draws blood for testing, calms nervous patients, essential diagnostic worker, provides crucial lab services to underserved reservation community.;;elevenlabs;{};[];;"{""age"":22,""hairstyle"":""very long medical professional"",""tribe"":""Comanche""}";2025-12-02 04:30:41.990731+00;2025-12-02 05:55:04.881286+00;professional
d1c6fdf8-34e0-4944-8836-3a3af2f5ff5a;Star;;Deerheart;Star Deerheart;Hairstylist;2020s;Popular Crow hairstylist styling Native hair with expertise. Extremely long hair styled beautifully as advertisement. Wears trendy salon fashion with traditional items. Owns salon on reservation, specializes in long Native hair, teaches protective styling, builds successful business serving tribal community.;;elevenlabs;{};[];;"{""age"":24,""hairstyle"":""extremely long styled ad"",""tribe"":""Crow""}";2025-12-02 04:30:41.990731+00;2025-12-02 05:55:04.881286+00;professional
836cc757-fc36-467e-840a-cc3ddb728f0d;Dawn;;Runningbear;Dawn Runningbear;Optician Assistant;2020s;Helpful Blackfeet optician assistant fitting glasses. Long professional hair. Wears professional optometry attire with traditional jewelry. Helps fit glasses and contacts, works in eye clinic, ensures tribal members can afford vision care, important healthcare access provider.;;elevenlabs;{};[];;"{""age"":21,""hairstyle"":""long professional"",""tribe"":""Blackfeet""}";2025-12-02 04:30:41.990731+00;2025-12-02 05:55:04.881286+00;professional
c761a29e-4eb1-4dee-bec1-bf0b9b7ae8f9;Autumn;;Strongbow;Autumn Strongbow;Fitness Trainer;2020s;Energetic Lakota personal trainer motivating clients. Very long athletic hair in workout styles. Wears athletic clothing with traditional items. Certified personal trainer, teaches classes on reservation, promotes traditional activities like dancing as exercise, fights obesity epidemic through fitness.;;elevenlabs;{};[];;"{""age"":23,""hairstyle"":""very long athletic"",""tribe"":""Lakota""}";2025-12-02 04:30:41.990731+00;2025-12-02 05:55:04.881286+00;professional
9c8ba873-8b54-4aec-94c9-34f3243d8a08;Crystal;;Redwing;Crystal Redwing;Medical Receptionist;2020s;Organized Cherokee medical receptionist managing clinic. Long professional hair. Wears professional medical office attire with turquoise. Front desk at tribal clinic, schedules appointments, handles insurance, ensures smooth clinic operations, first face patients see.;;elevenlabs;{};[];;"{""age"":22,""hairstyle"":""long professional"",""tribe"":""Cherokee""}";2025-12-02 04:30:41.990731+00;2025-12-02 05:55:04.881286+00;professional
07ef200a-084f-4065-98f5-e853061b5b8d;Raven;;Moonbeam;Raven Moonbeam;Massage Therapist;2020s;Healing Apache licensed massage therapist relieving pain. Long flowing hair. Wears comfortable therapy clothing with traditional items. Licensed LMT, combines traditional healing touch with modern massage techniques, helps chronic pain patients, provides affordable bodywork on reservation.;;elevenlabs;{};[];;"{""age"":25,""hairstyle"":""long flowing therapy"",""tribe"":""Apache""}";2025-12-02 04:30:41.990731+00;2025-12-02 05:55:04.881286+00;professional
2a3b9920-c43d-4159-858c-0a86fb37d754;Willow;;Firefly;Willow Firefly;Home Health Aide;2020s;Caring young Cheyenne home health aide helping elderly. Very long hair in practical care style. Wears comfortable care clothing with traditional touches. Visits elders homes, assists with daily living, provides companionship, allows elders to age in place with dignity and traditional support.;;elevenlabs;{};[];;"{""age"":21,""hairstyle"":""very long practical care"",""tribe"":""Cheyenne""}";2025-12-02 04:30:41.990731+00;2025-12-02 05:55:04.881286+00;professional
1027e334-d6d3-4c3f-9043-63671413118c;Ocean;;Paintedsky;Ocean Paintedsky;Art Teacher;2020s;Creative Navajo art teacher inspiring young artists. Long hair with paint stains and artistic styling. Wears art teacher fashion with silver jewelry. Teaches high school art, incorporates traditional Native art, encourages students toward art careers, exhibits own work showing contemporary Indigenous art.;;elevenlabs;{};[];;"{""age"":24,""hairstyle"":""long artistic with paint"",""tribe"":""Navajo""}";2025-12-02 04:30:41.990731+00;2025-12-02 05:55:04.881286+00;professional
2aa5d05b-6586-454d-8333-1f1e9873a8dd;Jade;;Littlefox;Jade Littlefox;Library Assistant;2020s;Quiet Comanche library assistant promoting literacy. Very long neat hair. Wears professional library attire with traditional jewelry. Works in tribal library, helps with reading programs, promotes Native authors, creates welcoming space for community learning and gathering.;;elevenlabs;{};[];;"{""age"":20,""hairstyle"":""very long neat"",""tribe"":""Comanche""}";2025-12-02 04:30:41.990731+00;2025-12-02 05:55:04.881286+00;professional
cfe1ea17-abb1-4d4a-a209-3d2dbfe9c24b;Phoenix;;Winterhawk;Phoenix Winterhawk;Event Planner;2020s;Organized Crow event coordinator planning tribal gatherings. Long styled hair. Wears professional planning attire with traditional items. Plans powwows and community events, coordinates logistics, brings community together, preserves traditions through well-organized cultural celebrations.;;elevenlabs;{};[];;"{""age"":23,""hairstyle"":""long styled professional"",""tribe"":""Crow""}";2025-12-02 04:30:41.990731+00;2025-12-02 05:55:04.881286+00;professional
1f0c0708-339d-4b4c-be59-5f11bb1600ee;Luna;;Snowbird;Luna Snowbird;Youth Counselor;2020s;Empathetic young Blackfeet youth counselor helping at-risk teens. Very long hair in counseling professional style. Wears professional counseling attire with traditional touches. Works with troubled youth, runs after-school programs, mentors teens through difficulties, prevents substance abuse and suicide through supportive counseling.;;elevenlabs;{};[];;"{""age"":24,""hairstyle"":""very long counseling"",""tribe"":""Blackfeet""}";2025-12-02 04:30:41.990731+00;2025-12-02 05:55:04.881286+00;professional
cf064ce6-9d6a-4c92-9f34-d39abc761b62;River;;Morningdove;River Morningdove;Bank Teller;2020s;Professional Lakota bank teller serving tribal members. Long professional banking hair. Wears professional bank attire with traditional jewelry. Works at tribal credit union, helps members with transactions, promotes financial literacy, ensures tribal members have banking access.;;elevenlabs;{};[];;"{""age"":22,""hairstyle"":""long professional banking"",""tribe"":""Lakota""}";2025-12-02 04:30:41.990731+00;2025-12-02 05:55:04.881286+00;professional
991609cf-8fe5-41a9-8342-9804eff1f47a;Storm;;Beautifulday;Storm Beautifulday;Florist;2020s;Artistic Cherokee florist creating beautiful arrangements. Very long wavy hair like flowers. Wears floral shop apron with turquoise jewelry. Owns flower shop, creates arrangements for weddings and funerals, incorporates traditional plants, brings beauty to reservation community through flowers.;;elevenlabs;{};[];;"{""age"":23,""hairstyle"":""very long wavy floral"",""tribe"":""Cherokee""}";2025-12-02 04:30:41.990731+00;2025-12-02 05:55:04.881286+00;professional
6803316d-1abe-4d2b-9715-114ee2abc553;Ember;;Starwalker;Ember Starwalker;Barber;2020s;Skilled Apache barber cutting mens hair in tribal shop. Long professional hair. Wears barber attire with traditional items. Runs barbershop on reservation, provides affordable haircuts, creates community gathering space for men, teaches traditional haircutting and modern barber skills.;;elevenlabs;{};[];;"{""age"":25,""hairstyle"":""long professional barber"",""tribe"":""Apache""}";2025-12-02 04:30:41.990731+00;2025-12-02 05:55:04.881286+00;professional
7e6ce438-d035-408f-9a0d-3556ecba616c;Sage;;Cloudrunner;Sage Cloudrunner;Caseworker;2020s;Dedicated Cheyenne social services caseworker helping families. Long professional social work hair. Wears professional casework attire with traditional touches. Works for tribal social services, manages caseload of families in need, connects people to resources, advocates for children and elders in system.;;elevenlabs;{};[];;"{""age"":24,""hairstyle"":""long professional casework"",""tribe"":""Cheyenne""}";2025-12-02 04:30:41.990731+00;2025-12-02 05:55:04.881286+00;professional
90b1cd17-7b5e-4002-b4aa-629f7a41233f;Autumn;;Rainwater;Autumn Rainwater;Medical Coder;2020s;Detail-oriented Navajo medical coder working from home. Very long hair in comfortable work-from-home style. Wears comfortable clothing with silver jewelry. Codes medical records for billing, works remotely, ensures clinic gets paid, technical behind-scenes healthcare role enabling reservation clinic operations.;;elevenlabs;{};[];;"{""age"":22,""hairstyle"":""very long work-from-home"",""tribe"":""Navajo""}";2025-12-02 04:30:41.990731+00;2025-12-02 05:55:04.881286+00;professional
0661be8c-817d-4f24-a1ad-89baeacc329e;Willow;;Sunflower;Willow Sunflower;Insurance Agent;2020s;Professional Comanche insurance agent helping tribal members. Long polished professional hair. Wears professional insurance sales attire with traditional jewelry. Sells insurance policies, explains coverage, ensures tribal members have proper insurance, advocates for affordable healthcare and property coverage.;;elevenlabs;{};[];;"{""age"":25,""hairstyle"":""long polished professional"",""tribe"":""Comanche""}";2025-12-02 04:30:41.990731+00;2025-12-02 05:55:04.881286+00;professional
1bb946b7-9eab-43ca-9a2e-0f27e5621947;Crystal;;Goldenfeather;Crystal Goldenfeather;Paralegal;2020s;Sharp Crow paralegal working in tribal legal department. Very long professional legal hair. Wears professional legal attire with traditional items. Assists tribal attorneys, prepares legal documents, researches cases, supports tribal sovereignty legal work, plans to attend law school.;;elevenlabs;{};[];;"{""age"":23,""hairstyle"":""very long legal professional"",""tribe"":""Crow""}";2025-12-02 04:30:41.990731+00;2025-12-02 05:55:04.881286+00;professional
075cbcf9-b92e-4202-b47f-c3b28ade3129;Nova;;Whitecloud;Nova Whitecloud;Office Manager;2020s;Efficient Blackfeet office manager running tribal department. Long executive professional hair. Wears professional management attire with traditional jewelry. Manages tribal office, supervises staff, handles budgets, keeps operations running smoothly, essential administrator in tribal government.;;elevenlabs;{};[];;"{""age"":24,""hairstyle"":""long executive professional"",""tribe"":""Blackfeet""}";2025-12-02 04:30:41.990731+00;2025-12-02 05:55:04.881286+00;professional
005377c2-f1ce-4fdc-b70a-6403043668dd;Spotted;;Tail;Spotted Tail;Brule Chief;1870s;Diplomatic Brule Lakota chief working for peace. Long hair with spotted tail ornament. Wears chief regalia with peace medals. Recognized that military resistance was futile, worked to get best terms for people, controversial but pragmatic leader.;;elevenlabs;{};[];;"{""age"":48,""hairstyle"":""long with spotted tail"",""tribe"":""Brule Lakota""}";2025-12-02 04:30:55.034143+00;2025-12-02 05:55:04.881286+00;professional
7bb81b07-a8be-46a5-8781-9910b63a17b8;Iron;;Shell;Iron Shell;Brule Warrior;1870s;Strong Brule warrior with protective medicine. Long hair with shell ornaments. Wears warrior clothing with shells and protective amulets. Believed to have strong war medicine, fought in many battles, protected people from enemies.;;elevenlabs;{};[];;"{""age"":30,""hairstyle"":""long with shells"",""tribe"":""Brule Lakota""}";2025-12-02 04:30:55.034143+00;2025-12-02 05:55:04.881286+00;professional
f2062130-9377-4723-83c9-74ae695d958e;Singing;;Woman;Singing Woman;Brule Beauty;1870s;Beautiful Brule woman with lovely voice. Very long flowing hair. Wears traditional dress with melodic bells and decorations. Known for beautiful singing at ceremonies, teaches songs to children, keeper of traditional Lakota songs and lullabies.;;elevenlabs;{};[];;"{""age"":25,""hairstyle"":""very long flowing"",""tribe"":""Brule Lakota""}";2025-12-02 04:30:55.034143+00;2025-12-02 05:55:04.881286+00;professional
f22b019c-13fa-4d8b-bb9f-e07ab3ad95de;Big;;Foot;Big Foot;Miniconjou Chief;1870s;Peaceful Miniconjou chief leading people. Long gray-streaked hair. Wears chief clothing seeking peace. Led band seeking refuge, killed at Wounded Knee massacre, symbol of tragic end of Plains Indian wars and broken promises.;;elevenlabs;{};[];;"{""age"":65,""hairstyle"":""long gray"",""tribe"":""Miniconjou Lakota""}";2025-12-02 04:30:55.034143+00;2025-12-02 05:55:04.881286+00;professional
97f7d38c-50d9-416b-bcb3-9b4b44076b31;Sierra;;Dreamcatcher;Sierra Dreamcatcher;Social Media Manager;2020s;Tech-savvy Lakota managing social media for tribal businesses. Very long wavy hair with modern trendy styling. Wears contemporary fashion with traditional jewelry. Manages social accounts, creates content, builds online presence for Native businesses, helps tribal economy through digital marketing expertise.;;elevenlabs;{};[];;"{""age"":23,""hairstyle"":""very long wavy modern"",""tribe"":""Lakota""}";2025-12-02 04:31:34.339249+00;2025-12-02 05:55:04.881286+00;professional
8e832ad1-7822-4da7-acb9-56bf5a3c1173;Destiny;;Wildhorse;Destiny Wildhorse;Equine Therapist;2020s;Compassionate Cherokee equine therapy provider helping through horses. Long flowing hair. Wears riding clothes with turquoise jewelry. Uses horses for therapy, helps troubled youth and veterans, combines traditional horse culture with modern therapeutic riding, runs successful therapy ranch.;;elevenlabs;{};[];;"{""age"":25,""hairstyle"":""long flowing riding"",""tribe"":""Cherokee""}";2025-12-02 04:31:34.339249+00;2025-12-02 05:55:04.881286+00;professional
f631f65d-848e-4e23-bac1-8f84e0019d58;Raven;;Skydancer;Raven Skydancer;Flight Attendant;2020s;Friendly Apache flight attendant traveling world. Very long hair in professional airline styling. Wears airline uniform with traditional jewelry underneath. Works for major airline, sees world while maintaining tribal identity, represents Native women in aviation industry, inspires Indigenous youth.;;elevenlabs;{};[];;"{""age"":22,""hairstyle"":""very long airline professional"",""tribe"":""Apache""}";2025-12-02 04:31:34.339249+00;2025-12-02 05:55:04.881286+00;professional
c3decfaf-f0f9-4f89-9d0d-777873300322;Maya;;Sunburst;Maya Sunburst;Kindergarten Teacher;2020s;Patient Cheyenne kindergarten teacher nurturing young minds. Long hair in fun teacher styling. Wears colorful teacher fashion with traditional touches. Teaches kindergarten on reservation, makes learning fun, speaks tribal language to students, plants seeds for educational success.;;elevenlabs;{};[];;"{""age"":24,""hairstyle"":""long fun teacher"",""tribe"":""Cheyenne""}";2025-12-02 04:31:34.339249+00;2025-12-02 05:55:04.881286+00;professional
eca9ad0b-8563-44a1-ad7f-f3fe801bb52c;Luna;;Risingtide;Luna Risingtide;Marine Corps Veteran;2020s;Strong Navajo Marine veteran serving country and tribe. Long hair grown back after service. Wears casual veteran clothing with USMC items and traditional jewelry. Served combat tours, returned home with pride, works with Native veteran programs, advocates for Indigenous military members.;;elevenlabs;{};[];;"{""age"":26,""hairstyle"":""long grown after service"",""tribe"":""Navajo""}";2025-12-02 04:31:34.339249+00;2025-12-02 05:55:04.881286+00;professional
8e154253-56c6-4126-ad47-724bc9499841;Jade;;Thunderheart;Jade Thunderheart;EMT Paramedic;2020s;Brave young Comanche EMT responding to reservation emergencies. Long hair secured for emergency work. Wears paramedic uniform and gear. Saves lives in ambulance, first responder for medical emergencies, provides critical care in remote areas, represents Native first responders.;;elevenlabs;{};[];;"{""age"":23,""hairstyle"":""long secured emergency"",""tribe"":""Comanche""}";2025-12-02 04:31:34.339249+00;2025-12-02 05:55:04.881286+00;professional
adf43f5c-49ce-495d-8f49-b2cdf7681d2e;Willow;;Springwater;Willow Springwater;Dialysis Technician;2020s;Dedicated Crow dialysis tech treating kidney patients. Very long hair in neat medical styling. Wears scrubs with traditional items. Operates dialysis machines, treats chronic kidney disease patients, addresses high rates of diabetes complications in Native community through dialysis care.;;elevenlabs;{};[];;"{""age"":24,""hairstyle"":""very long neat medical"",""tribe"":""Crow""}";2025-12-02 04:31:34.339249+00;2025-12-02 05:55:04.881286+00;professional
dde92ba1-1fac-4c2c-8a08-6021478c6bd7;Storm;;Brightmorning;Storm Brightmorning;Probation Officer;2020s;Fair Blackfeet probation officer supervising offenders. Long professional law enforcement hair. Wears professional officer attire with traditional jewelry. Supervises probationers, helps rehabilitate, works in tribal justice system, balances accountability with cultural understanding and support.;;elevenlabs;{};[];;"{""age"":25,""hairstyle"":""long professional officer"",""tribe"":""Blackfeet""}";2025-12-02 04:31:34.339249+00;2025-12-02 05:55:04.881286+00;professional
4ae4b4b0-5740-48ff-8c36-09588495a7a9;Aurora;;Wildrose;Aurora Wildrose;Wedding Planner;2020s;Creative Lakota wedding coordinator planning beautiful ceremonies. Very long wavy hair styled elegantly. Wears professional event planning attire with traditional items. Plans weddings blending modern and traditional elements, coordinates ceremonies, helps couples create meaningful celebrations incorporating culture.;;elevenlabs;{};[];;"{""age"":24,""hairstyle"":""very long elegant wavy"",""tribe"":""Lakota""}";2025-12-02 04:31:34.339249+00;2025-12-02 05:55:04.881286+00;professional
6148b858-5fdf-449c-b45d-e51febaa21f8;Phoenix;;Gentlewind;Phoenix Gentlewind;Speech Therapist;2020s;Patient Cherokee speech therapist helping children communicate. Long professional therapy hair. Wears comfortable therapy clothing with turquoise. Works with children with speech delays, bilingual therapy in English and Cherokee, helps preserve language while treating disorders.;;elevenlabs;{};[];;"{""age"":27,""hairstyle"":""long professional therapy"",""tribe"":""Cherokee""}";2025-12-02 04:31:34.339249+00;2025-12-02 05:55:04.881286+00;professional
29613b0e-8ad5-4f96-864f-0cca725194f7;River;;Nightsky;River Nightsky;Substance Abuse Counselor;2020s;Recovering Apache addiction counselor helping others heal. Very long hair representing growth and recovery. Wears professional counseling attire with traditional items. In recovery herself, provides culturally-informed addiction treatment, runs support groups, offers hope to those struggling with substance abuse.;;elevenlabs;{};[];;"{""age"":28,""hairstyle"":""very long recovery growth"",""tribe"":""Apache""}";2025-12-02 04:31:34.339249+00;2025-12-02 05:55:04.881286+00;professional
4efc9c83-bcf2-4dd2-9805-d2c1ab4a79d4;Meadow;;Clearbrook;Meadow Clearbrook;Real Estate Agent;2020s;Professional Cheyenne realtor selling reservation properties. Long polished business hair. Wears professional real estate attire with traditional touches. Helps tribal members buy and sell homes, understands trust land complications, facilitates housing transactions in complex reservation real estate market.;;elevenlabs;{};[];;"{""age"":26,""hairstyle"":""long polished business"",""tribe"":""Cheyenne""}";2025-12-02 04:31:34.339249+00;2025-12-02 05:55:04.881286+00;professional
aba16bbf-f110-4e19-add2-9cb857ed5cb3;Sage;;Moonwater;Sage Moonwater;Grant Writer;2020s;Skilled Navajo grant writer securing funding for tribal programs. Very long hair in professional office style. Wears professional office attire with silver jewelry. Writes grants for tribal government, secures federal and foundation funding, enables programs through excellent grant writing, brings millions to reservation.;;elevenlabs;{};[];;"{""age"":25,""hairstyle"":""very long professional office"",""tribe"":""Navajo""}";2025-12-02 04:31:34.339249+00;2025-12-02 05:55:04.881286+00;professional
ecb8e525-4322-416f-829f-804150ad9562;Luna;;Redtail;Luna Redtail;Court Reporter;2020s;Precise Comanche court reporter recording legal proceedings. Long professional legal hair. Wears professional court attire with traditional jewelry. Records tribal court proceedings, creates official transcripts, ensures accurate legal record, essential role in tribal justice system.;;elevenlabs;{};[];;"{""age"":24,""hairstyle"":""long professional court"",""tribe"":""Comanche""}";2025-12-02 04:31:34.339249+00;2025-12-02 05:55:04.881286+00;professional
e05a6c28-0453-4f0c-8489-f52fde3d4dbe;Ayita;First to Dance;Running Wolf;Ayita First to Dance Running Wolf;Beautiful Young Cherokee Woman;1870s;Gorgeous 19-year-old with waist-length wavy black hair, delicate features, elaborate beadwork dress, wears shell jewelry;;elevenlabs;{};[];;"{""age"":19,""beauty"":""striking"",""hair"":""waist-length wavy"",""tribe"":""Cherokee""}";2025-12-02 04:34:40.638597+00;2025-12-02 05:55:04.881286+00;professional
617f754c-5775-41bd-80e9-f9edab889eab;Crystal;;Softrain;Crystal Softrain;Human Resources Manager;2020s;Professional Crow HR manager handling tribal employment. Very long executive hair. Wears professional management attire with traditional items. Manages tribal HR department, handles hiring and benefits, resolves employee issues, ensures fair tribal employment practices and compliance.;;elevenlabs;{};[];;"{""age"":27,""hairstyle"":""very long executive"",""tribe"":""Crow""}";2025-12-02 04:31:34.339249+00;2025-12-02 05:55:04.881286+00;professional
89f1aafc-1d3e-4e58-95be-605a1ea75eec;Autumn;;Bluehawk;Autumn Bluehawk;IT Support Specialist;2020s;Tech-smart Blackfeet IT specialist supporting tribal technology. Long casual tech hair. Wears casual tech support clothing with traditional jewelry. Fixes computers and networks, supports tribal government IT, troubleshoots technology issues, keeps digital infrastructure running on reservation.;;elevenlabs;{};[];;"{""age"":23,""hairstyle"":""long casual tech"",""tribe"":""Blackfeet""}";2025-12-02 04:31:34.339249+00;2025-12-02 05:55:04.881286+00;professional
6aa7b393-baab-4e47-b701-cf41b6fca5b8;Willow;;Starlight;Willow Starlight;Daycare Director;2020s;Nurturing Lakota daycare center director caring for children. Very long flowing hair. Wears comfortable childcare director clothing with traditional touches. Runs tribal childcare center, ensures quality care, manages staff, provides safe loving environment for working parents, teaches culture to youngest generation.;;elevenlabs;{};[];;"{""age"":26,""hairstyle"":""very long flowing"",""tribe"":""Lakota""}";2025-12-02 04:31:34.339249+00;2025-12-02 05:55:04.881286+00;professional
665b333c-e801-44a9-b02b-deb4c8e51693;Nova;;Sweetwater;Nova Sweetwater;Accounts Payable Clerk;2020s;Detail-oriented Cherokee accounting clerk processing payments. Long professional accounting hair. Wears professional office attire with turquoise. Processes invoices and payments for tribal government, ensures vendors get paid, maintains accurate financial records, keeps tribal finances organized.;;elevenlabs;{};[];;"{""age"":22,""hairstyle"":""long professional accounting"",""tribe"":""Cherokee""}";2025-12-02 04:31:34.339249+00;2025-12-02 05:55:04.881286+00;professional
6c3a64da-4778-4702-ad61-ce70c0a5debf;Jade;;Morningbird;Jade Morningbird;Medical Assistant;2020s;Helpful Apache medical assistant supporting doctors. Very long hair in practical medical styling. Wears scrubs with traditional jewelry. Takes vitals, preps patients, assists physicians, performs basic procedures, essential clinical support in busy tribal health clinic.;;elevenlabs;{};[];;"{""age"":23,""hairstyle"":""very long practical medical"",""tribe"":""Apache""}";2025-12-02 04:31:34.339249+00;2025-12-02 05:55:04.881286+00;professional
d6435489-e46d-426f-a7be-c442450f8f55;Raven;;Goldenwing;Raven Goldenwing;Customer Service Rep;2020s;Friendly Cheyenne customer service representative helping tribal members. Long professional service hair. Wears professional call center attire with traditional touches. Answers phones for tribal programs, helps resolve issues, provides excellent customer service, friendly voice of tribal services.;;elevenlabs;{};[];;"{""age"":21,""hairstyle"":""long professional service"",""tribe"":""Cheyenne""}";2025-12-02 04:31:34.339249+00;2025-12-02 05:55:04.881286+00;professional
170802c9-d68f-4691-8899-0aed1e2df339;Storm;;Silvermoon;Storm Silvermoon;Retail Manager;2020s;Organized Navajo retail manager running tribal store. Very long professional retail hair. Wears professional retail management attire with silver jewelry. Manages reservation convenience store, supervises employees, orders inventory, provides essential goods to community, runs successful tribal business.;;elevenlabs;{};[];;"{""age"":25,""hairstyle"":""very long retail professional"",""tribe"":""Navajo""}";2025-12-02 04:31:34.339249+00;2025-12-02 05:55:04.881286+00;professional
f96df97a-4c74-42ca-81d2-3f8729cc1d9a;Sierra;;Bluefeather;Sierra Bluefeather;Hotel Front Desk;2020s;Welcoming Comanche hotel desk clerk greeting guests. Long professional hospitality hair. Wears professional hotel uniform with traditional jewelry. Works front desk at tribal casino hotel, checks in guests, provides tourism information, represents tribal hospitality to visitors.;;elevenlabs;{};[];;"{""age"":22,""hairstyle"":""long professional hospitality"",""tribe"":""Comanche""}";2025-12-02 04:31:34.339249+00;2025-12-02 05:55:04.881286+00;professional
7679db5e-9edf-4044-9c77-072d9d3babdb;Luna;;Rosepetal;Luna Rosepetal;Cafeteria Cook;2020s;Skilled Crow cafeteria cook feeding tribal school students. Very long hair always covered for food service. Wears food service uniform and hairnet. Cooks nutritious meals for tribal school, feeds hundreds of students daily, provides fuel for learning, important behind-scenes school supporter.;;elevenlabs;{};[];;"{""age"":24,""hairstyle"":""very long covered food service"",""tribe"":""Crow""}";2025-12-02 04:31:34.339249+00;2025-12-02 05:55:04.881286+00;professional
5d53914e-f1d6-4376-9045-0314cf22903a;Phoenix;;Windflower;Phoenix Windflower;Bus Driver;2020s;Safe Blackfeet school bus driver transporting students. Long hair secured for driving safety. Wears bus driver uniform with traditional items. Drives school bus on reservation, ensures safe transport, gets children to school, critical transportation provider in rural area with long bus routes.;;elevenlabs;{};[];;"{""age"":26,""hairstyle"":""long secured driving"",""tribe"":""Blackfeet""}";2025-12-02 04:31:34.339249+00;2025-12-02 05:55:04.881286+00;professional
1fd94131-3413-474c-b779-eb1b1dba3aa4;Ember;;Sunflower;Ember Sunflower;Casino Dealer;2020s;Professional Lakota blackjack dealer working tribal casino. Very long perfectly styled hair for gaming floor. Wears casino dealer uniform with traditional jewelry underneath. Deals cards at tribal casino, provides entertainment, helps generate gaming revenue for tribe, represents tribal gaming success.;;elevenlabs;{};[];;"{""age"":23,""hairstyle"":""very long casino styled"",""tribe"":""Lakota""}";2025-12-02 04:31:34.339249+00;2025-12-02 05:55:04.881286+00;professional
c36dff26-1009-4fb9-8db8-23168e383fa6;Aiyana;Dawn;RedFeather;Aiyana Dawn RedFeather;Beautiful Young Lakota Woman;1870s;Stunning 19-year-old with flowing waist-length black hair with natural waves, delicate facial features, traditional beaded dress with intricate patterns, wears turquoise jewelry;;elevenlabs;{};[];;"{""age"":19,""beauty"":""exceptional"",""hair"":""waist-length wavy black"",""tribe"":""Lakota""}";2025-12-02 04:34:40.638597+00;2025-12-02 05:55:04.881286+00;professional
eb777beb-ac7a-43a3-8522-0690ce8bfd16;Kimimela;Butterfly;WhiteEagle;Kimimela Butterfly WhiteEagle;Beautiful Young Lakota Woman;1870s;Gorgeous 20-year-old with very long wavy hair past her waist, pretty face with high cheekbones, elaborate face paint, wearing beautiful fringed buckskin dress;;elevenlabs;{};[];;"{""age"":20,""beauty"":""stunning"",""hair"":""very long wavy"",""tribe"":""Lakota""}";2025-12-02 04:34:40.638597+00;2025-12-02 05:55:04.881286+00;professional
bc987ccd-4c5c-40e2-889f-e901e46f2820;Winona;First Born;BlackHorse;Winona First Born BlackHorse;Beautiful Young Dakota Woman;1870s;Beautiful 18-year-old with flowing black wavy hair, delicate features, wearing traditional Dakota dress with quillwork, carries flowers;;elevenlabs;{};[];;"{""age"":18,""beauty"":""radiant"",""hair"":""flowing wavy black"",""tribe"":""Dakota""}";2025-12-02 04:34:40.638597+00;2025-12-02 05:55:04.881286+00;professional
c1703f93-909c-4ffb-8f1f-b95d1bea0b70;Chenoa;White Dove;TallTree;Chenoa White Dove TallTree;Beautiful Young Cherokee Woman;1870s;Stunning 21-year-old with very long wavy hair, pretty oval face, wearing traditional Cherokee tear dress with beautiful patterns;;elevenlabs;{};[];;"{""age"":21,""beauty"":""breathtaking"",""hair"":""very long wavy"",""tribe"":""Cherokee""}";2025-12-02 04:34:40.638597+00;2025-12-02 05:55:04.881286+00;professional
4a4e3560-afbb-4d48-b75c-da6117b2ee29;Nascha;Owl;Swift Arrow;Nascha Owl Swift Arrow;Beautiful Young Apache Woman;1870s;Beautiful 20-year-old with very long flowing wavy hair, pretty face with painted designs, traditional Apache dress with intricate beading;;elevenlabs;{};[];;"{""age"":20,""beauty"":""captivating"",""hair"":""very long flowing wavy"",""tribe"":""Apache""}";2025-12-02 04:34:40.638597+00;2025-12-02 05:55:04.881286+00;professional
6cc29f97-16e1-46da-a4bc-795701c1f981;Halona;Happy Fortune;Gray Eagle;Halona Happy Fortune Gray Eagle;Beautiful Young Apache Woman;1870s;Stunning 22-year-old with flowing wavy hair past shoulders, delicate facial structure, wearing beautiful fringed dress with turquoise;;elevenlabs;{};[];;"{""age"":22,""beauty"":""exquisite"",""hair"":""flowing wavy long"",""tribe"":""Apache""}";2025-12-02 04:34:40.638597+00;2025-12-02 05:55:04.881286+00;professional
7ab226bd-114c-40d3-8b1e-765e72c4a441;Eyota;Great One;Proud Bear;Eyota Great One Proud Bear;Beautiful Young Sioux Woman;1870s;Gorgeous 18-year-old with very long wavy black hair, pretty face with soft features, elaborate traditional dress with quillwork;;elevenlabs;{};[];;"{""age"":18,""beauty"":""enchanting"",""hair"":""very long wavy"",""tribe"":""Sioux""}";2025-12-02 04:34:40.638597+00;2025-12-02 05:55:04.881286+00;professional
82fe02eb-e094-44b3-a495-b023b0c9e09f;Maka;Earth;White Buffalo;Maka Earth White Buffalo;Beautiful Young Sioux Woman;1870s;Beautiful 21-year-old with waist-length wavy hair, delicate features with face paint, wearing stunning beaded dress;;elevenlabs;{};[];;"{""age"":21,""beauty"":""mesmerizing"",""hair"":""waist-length wavy"",""tribe"":""Sioux""}";2025-12-02 04:34:40.638597+00;2025-12-02 05:55:04.881286+00;professional
3c9987b5-8ecf-40b1-a9ff-5a846882d0cf;Aponi;Butterfly;Red Cloud;Aponi Butterfly Red Cloud;Beautiful Young Navajo Woman;1870s;Stunning 19-year-old with very long flowing wavy hair, pretty face with turquoise jewelry, traditional velvet dress with silver buttons;;elevenlabs;{};[];;"{""age"":19,""beauty"":""radiant"",""hair"":""very long flowing wavy"",""tribe"":""Navajo""}";2025-12-02 04:34:40.638597+00;2025-12-02 05:55:04.881286+00;professional
46c99061-3ef3-4ca4-8726-372b36d4ae52;Huyana;Rain Falling;Standing Bear;Huyana Rain Falling Standing Bear;Beautiful Young Cheyenne Woman;1870s;Gorgeous 20-year-old with flowing wavy black hair past waist, delicate features, beautiful fringed buckskin dress with elaborate beadwork;;elevenlabs;{};[];;"{""age"":20,""beauty"":""stunning"",""hair"":""flowing wavy past waist"",""tribe"":""Cheyenne""}";2025-12-02 04:34:40.638597+00;2025-12-02 05:55:04.881286+00;professional
a73630e1-98a2-40ee-82f3-c57f7a19435b;Tallulah;Leaping Water;Gray Wolf;Tallulah Leaping Water Gray Wolf;Beautiful Young Choctaw Woman;1870s;Beautiful 22-year-old with very long wavy hair, pretty face with traditional patterns, wearing beautiful traditional dress;;elevenlabs;{};[];;"{""age"":22,""beauty"":""striking"",""hair"":""very long wavy"",""tribe"":""Choctaw""}";2025-12-02 04:34:40.638597+00;2025-12-02 05:55:04.881286+00;professional
6cda4a42-ad81-4460-9765-4b5c47f1cd5f;Leotie;Prairie Flower;White Shield;Leotie Prairie Flower White Shield;Beautiful Young Lakota Woman;1880s;Stunning 18-year-old with waist-length wavy black hair, delicate facial features, wearing pristine white buckskin dress with beadwork;;elevenlabs;{};[];;"{""age"":18,""beauty"":""angelic"",""hair"":""waist-length wavy"",""tribe"":""Lakota""}";2025-12-02 04:34:40.638597+00;2025-12-02 05:55:04.881286+00;professional
3176f59f-b146-4b07-ad9d-e32d3a2432a6;Zitkala;Red Bird;Iron Shell;Zitkala Red Bird Iron Shell;Beautiful Young Lakota Woman;1880s;Gorgeous 19-year-old with very long flowing wavy hair, pretty face, traditional dress with beautiful feather accents;;elevenlabs;{};[];;"{""age"":19,""beauty"":""captivating"",""hair"":""very long flowing wavy"",""tribe"":""Lakota""}";2025-12-02 04:34:40.638597+00;2025-12-02 05:55:04.881286+00;professional
eb3362c6-de45-4b21-97b5-6dbeb54a35c9;Taini;Coming New Moon;Spotted Tail;Taini Coming New Moon Spotted Tail;Beautiful Young Dakota Woman;1880s;Beautiful 21-year-old with flowing wavy hair past shoulders, delicate features with face paint, elaborate dress with quillwork;;elevenlabs;{};[];;"{""age"":21,""beauty"":""ethereal"",""hair"":""flowing wavy long"",""tribe"":""Dakota""}";2025-12-02 04:34:40.638597+00;2025-12-02 05:55:04.881286+00;professional
687fd14f-aacd-421e-bc19-ffc61d463489;Kaya;Elder Sister;Fast Horse;Kaya Elder Sister Fast Horse;Beautiful Young Nez Perce Woman;1880s;Stunning 20-year-old with very long wavy black hair, pretty oval face, traditional Nez Perce dress with beautiful patterns;;elevenlabs;{};[];;"{""age"":20,""beauty"":""breathtaking"",""hair"":""very long wavy"",""tribe"":""Nez Perce""}";2025-12-02 04:34:40.638597+00;2025-12-02 05:55:04.881286+00;professional
09ccedbf-f81a-42c8-a3cd-0877f1e32a5a;Olathe;Beautiful;Medicine Crow;Olathe Beautiful Medicine Crow;Beautiful Young Crow Woman;1880s;Beautiful 22-year-old with very long flowing wavy hair, pretty face with traditional markings, elaborate Crow dress with elk teeth;;elevenlabs;{};[];;"{""age"":22,""beauty"":""magnificent"",""hair"":""very long flowing wavy"",""tribe"":""Crow""}";2025-12-02 04:34:40.638597+00;2025-12-02 05:55:04.881286+00;professional
5f2d6b26-6e1d-414c-a1bf-aacb0f7f8784;Soyala;Winter Solstice;Pretty Shield;Soyala Winter Solstice Pretty Shield;Beautiful Young Crow Woman;1880s;Stunning 19-year-old with flowing wavy black hair past waist, delicate facial structure, beautiful traditional dress;;elevenlabs;{};[];;"{""age"":19,""beauty"":""enchanting"",""hair"":""flowing wavy past waist"",""tribe"":""Crow""}";2025-12-02 04:34:40.638597+00;2025-12-02 05:55:04.881286+00;professional
6b95ae2d-cb8a-4d19-b7ca-7e3cc9e36719;Adsila;Blossom;Stands in Timber;Adsila Blossom Stands in Timber;Beautiful Young Cheyenne Woman;1880s;Gorgeous 21-year-old with very long wavy hair, pretty face with painted designs, wearing beautiful Northern Cheyenne dress;;elevenlabs;{};[];;"{""age"":21,""beauty"":""stunning"",""hair"":""very long wavy"",""tribe"":""Cheyenne""}";2025-12-02 04:34:40.638597+00;2025-12-02 05:55:04.881286+00;professional
228a1d99-a64f-4be3-bb44-c724c9346f48;Liluye;Hawk Singing;Little Wolf;Liluye Hawk Singing Little Wolf;Beautiful Young Cheyenne Woman;1880s;Beautiful 20-year-old with waist-length wavy black hair, delicate features, elaborate beaded dress with fringe;;elevenlabs;{};[];;"{""age"":20,""beauty"":""striking"",""hair"":""waist-length wavy"",""tribe"":""Cheyenne""}";2025-12-02 04:34:40.638597+00;2025-12-02 05:55:04.881286+00;professional
1547ce8b-a0c0-447a-b1dd-eec8df93b386;Kachina;Sacred Dancer;Heavy Runner;Kachina Sacred Dancer Heavy Runner;Beautiful Young Blackfeet Woman;1880s;Stunning 18-year-old with very long flowing wavy hair, pretty face, traditional Blackfeet dress with beautiful geometric patterns;;elevenlabs;{};[];;"{""age"":18,""beauty"":""captivating"",""hair"":""very long flowing wavy"",""tribe"":""Blackfeet""}";2025-12-02 04:34:40.638597+00;2025-12-02 05:55:04.881286+00;professional
98bc75de-2c87-411b-b9f8-67456c648702;Onida;The Looked For;Mountain Chief;Onida The Looked For Mountain Chief;Beautiful Young Blackfeet Woman;1880s;Gorgeous 19-year-old with flowing wavy hair past shoulders, delicate facial features with face paint, stunning beaded dress;;elevenlabs;{};[];;"{""age"":19,""beauty"":""mesmerizing"",""hair"":""flowing wavy long"",""tribe"":""Blackfeet""}";2025-12-02 04:34:40.638597+00;2025-12-02 05:55:04.881286+00;professional
18d03767-c505-4bd2-8a02-e0b0b5889888;Shappa;Red Thunder;Quanah Parker;Shappa Red Thunder Quanah Parker;Beautiful Young Comanche Woman;1880s;Beautiful 22-year-old with very long wavy black hair, pretty face with traditional designs, elaborate Comanche dress;;elevenlabs;{};[];;"{""age"":22,""beauty"":""radiant"",""hair"":""very long wavy"",""tribe"":""Comanche""}";2025-12-02 04:34:40.638597+00;2025-12-02 05:55:04.881286+00;professional
ce1e4eb6-e243-4d27-90e8-864f68e4fec7;Nita;Bear;Buffalo Hump;Nita Bear Buffalo Hump;Beautiful Young Comanche Woman;1880s;Stunning 21-year-old with waist-length wavy hair, delicate features, wearing beautiful fringed dress with silver conchos;;elevenlabs;{};[];;"{""age"":21,""beauty"":""breathtaking"",""hair"":""waist-length wavy"",""tribe"":""Comanche""}";2025-12-02 04:34:40.638597+00;2025-12-02 05:55:04.881286+00;professional
abee06cf-2cc4-41b5-a5de-e559957efdc3;Yanaba;She Meets Enemy;Manuelito;Yanaba She Meets Enemy Manuelito;Beautiful Young Navajo Woman;1880s;Gorgeous 20-year-old with very long flowing wavy hair, pretty face with turquoise necklaces, traditional Navajo velvet dress;;elevenlabs;{};[];;"{""age"":20,""beauty"":""stunning"",""hair"":""very long flowing wavy"",""tribe"":""Navajo""}";2025-12-02 04:34:40.638597+00;2025-12-02 05:55:04.881286+00;professional
a3635a9a-3e50-42bc-a9d7-408a2e8e4658;Mansi;Plucked Flower;Barboncito;Mansi Plucked Flower Barboncito;Beautiful Young Navajo Woman;1880s;Beautiful 18-year-old with flowing wavy black hair past waist, delicate facial structure, beautiful traditional dress with silver;;elevenlabs;{};[];;"{""age"":18,""beauty"":""enchanting"",""hair"":""flowing wavy past waist"",""tribe"":""Navajo""}";2025-12-02 04:34:40.638597+00;2025-12-02 05:55:04.881286+00;professional
32ecaffe-005e-404f-9680-721cff7157ea;Yoomee;Star;Geronimo;Yoomee Star Geronimo;Beautiful Young Apache Woman;1880s;Stunning 19-year-old with very long wavy hair, pretty face with painted patterns, elaborate Apache dress with intricate beadwork;;elevenlabs;{};[];;"{""age"":19,""beauty"":""captivating"",""hair"":""very long wavy"",""tribe"":""Apache""}";2025-12-02 04:34:40.638597+00;2025-12-02 05:55:04.881286+00;professional
0ca91b67-b4d8-4289-9f9a-deaf7a0ff045;Doli;Bluebird;Cochise;Doli Bluebird Cochise;Beautiful Young Apache Woman;1880s;Gorgeous 21-year-old with waist-length wavy black hair, delicate features, wearing stunning traditional Apache dress;;elevenlabs;{};[];;"{""age"":21,""beauty"":""exquisite"",""hair"":""waist-length wavy"",""tribe"":""Apache""}";2025-12-02 04:34:40.638597+00;2025-12-02 05:55:04.881286+00;professional
459ae418-5f51-4c1e-9d58-6b0a9bc6fc07;Tuwa;Earth;Sequoyah;Tuwa Earth Sequoyah;Beautiful Young Cherokee Woman;1880s;Beautiful 20-year-old with very long flowing wavy hair, pretty oval face, traditional Cherokee tear dress with beautiful ribbon work;;elevenlabs;{};[];;"{""age"":20,""beauty"":""radiant"",""hair"":""very long flowing wavy"",""tribe"":""Cherokee""}";2025-12-02 04:34:40.638597+00;2025-12-02 05:55:04.881286+00;professional
97f47fa9-e0b8-47b4-86b8-bdde97d8f6cc;Tala;Wolf;John Ross;Tala Wolf John Ross;Beautiful Young Cherokee Woman;1880s;Stunning 22-year-old with flowing wavy hair past shoulders, delicate facial features with traditional adornments, elaborate dress;;elevenlabs;{};[];;"{""age"":22,""beauty"":""striking"",""hair"":""flowing wavy long"",""tribe"":""Cherokee""}";2025-12-02 04:34:40.638597+00;2025-12-02 05:55:04.881286+00;professional
6eb6fc07-5c7d-4231-8bde-dfb617aaec14;Nova;Chases Butterfly;Sitting Bull;Nova Chases Butterfly Sitting Bull;Beautiful Young Hunkpapa Lakota Woman;1890s;Gorgeous 18-year-old with very long wavy black hair, pretty face with soft features, beautiful white buckskin dress with blue beads;;elevenlabs;{};[];;"{""age"":18,""beauty"":""angelic"",""hair"":""very long wavy"",""tribe"":""Hunkpapa Lakota""}";2025-12-02 04:34:40.638597+00;2025-12-02 05:55:04.881286+00;professional
c043ef15-70c2-4796-bd03-f2104e5f4e7b;Opa;Owl;Crazy Horse;Opa Owl Crazy Horse;Beautiful Young Oglala Lakota Woman;1890s;Beautiful 19-year-old with waist-length wavy hair, delicate features with face paint, stunning traditional dress with elk teeth;;elevenlabs;{};[];;"{""age"":19,""beauty"":""breathtaking"",""hair"":""waist-length wavy"",""tribe"":""Oglala Lakota""}";2025-12-02 04:34:40.638597+00;2025-12-02 05:55:04.881286+00;professional
15708ba6-54a8-48ec-bdec-49c113a91ab4;Peta;Golden Eagle;Red Cloud;Peta Golden Eagle Red Cloud;Beautiful Young Oglala Lakota Woman;1890s;Stunning 21-year-old with very long flowing wavy hair, pretty face, elaborate dress with beautiful quillwork and beading;;elevenlabs;{};[];;"{""age"":21,""beauty"":""stunning"",""hair"":""very long flowing wavy"",""tribe"":""Oglala Lakota""}";2025-12-02 04:34:40.638597+00;2025-12-02 05:55:04.881286+00;professional
20922089-a2f7-4c62-acfa-bf64fa772931;Tiva;Dance;American Horse;Tiva Dance American Horse;Beautiful Young Oglala Lakota Woman;1890s;Gorgeous 20-year-old with flowing wavy black hair past waist, delicate facial structure, wearing pristine white dress with red accents;;elevenlabs;{};[];;"{""age"":20,""beauty"":""captivating"",""hair"":""flowing wavy past waist"",""tribe"":""Oglala Lakota""}";2025-12-02 04:34:40.638597+00;2025-12-02 05:55:04.881286+00;professional
39d0a013-fc8d-454d-a1bb-51a06c066cd4;Wicapi;Star;Gall;Wicapi Star Gall;Beautiful Young Hunkpapa Lakota Woman;1890s;Beautiful 18-year-old with very long wavy hair, pretty face with traditional markings, beautiful beaded dress with star patterns;;elevenlabs;{};[];;"{""age"":18,""beauty"":""radiant"",""hair"":""very long wavy"",""tribe"":""Hunkpapa Lakota""}";2025-12-02 04:34:40.638597+00;2025-12-02 05:55:04.881286+00;professional
1eed6c9a-86d8-4b5a-9115-c93822997d38;Adsila;Flower;Two Strike;Adsila Flower Two Strike;Beautiful Young Brule Lakota Woman;1900s;Stunning 22-year-old with waist-length wavy black hair, delicate features, elaborate traditional Brule dress with beautiful colors;;elevenlabs;{};[];;"{""age"":22,""beauty"":""enchanting"",""hair"":""waist-length wavy"",""tribe"":""Brule Lakota""}";2025-12-02 04:34:40.638597+00;2025-12-02 05:55:04.881286+00;professional
eaa417be-3245-48fa-accb-3352cc7339ac;Kimimela;Little Butterfly;Hollow Horn Bear;Kimimela Little Butterfly Hollow Horn Bear;Beautiful Young Brule Lakota Woman;1900s;Gorgeous 19-year-old with very long flowing wavy hair, pretty oval face, traditional dress with modern touches;;elevenlabs;{};[];;"{""age"":19,""beauty"":""mesmerizing"",""hair"":""very long flowing wavy"",""tribe"":""Brule Lakota""}";2025-12-02 04:34:40.638597+00;2025-12-02 05:55:04.881286+00;professional
958ad1b5-bd2e-4679-b029-dc0757c6a2f9;Zitkala-Sa;Red Bird;Iron Tail;Zitkala-Sa Red Bird Iron Tail;Beautiful Young Lakota Woman;1900s;Beautiful 21-year-old with flowing wavy hair past shoulders, delicate features, wearing transitional era dress blending traditional and modern;;elevenlabs;{};[];;"{""age"":21,""beauty"":""striking"",""hair"":""flowing wavy long"",""tribe"":""Lakota""}";2025-12-02 04:34:40.638597+00;2025-12-02 05:55:04.881286+00;professional
6ef37f18-857f-4c1c-9714-55af961254a4;Ohanzee;Shadow;Luther Standing Bear;Ohanzee Shadow Luther Standing Bear;Beautiful Young Lakota Woman;1910s;Stunning 20-year-old with very long wavy black hair, pretty face, traditional dress with contemporary elements;;elevenlabs;{};[];;"{""age"":20,""beauty"":""captivating"",""hair"":""very long wavy"",""tribe"":""Lakota""}";2025-12-02 04:34:40.638597+00;2025-12-02 05:55:04.881286+00;professional
3e66bc25-fca9-4e99-8b86-028ea434d31e;Tayanita;Young Beaver;Charles Eastman;Tayanita Young Beaver Charles Eastman;Beautiful Young Dakota Woman;1910s;Gorgeous 18-year-old with waist-length wavy hair, delicate facial structure, wearing beautiful early 1900s Native dress;;elevenlabs;{};[];;"{""age"":18,""beauty"":""radiant"",""hair"":""waist-length wavy"",""tribe"":""Dakota""}";2025-12-02 04:34:40.638597+00;2025-12-02 05:55:04.881286+00;professional
2fd6d2b1-d8db-46d1-8793-e93967b446a0;Kiona;Brown Hills;Black Elk;Kiona Brown Hills Black Elk;Beautiful Young Oglala Lakota Woman;1920s;Beautiful 19-year-old with very long flowing wavy hair, pretty face, traditional ceremonial dress with modern accessories;;elevenlabs;{};[];;"{""age"":19,""beauty"":""stunning"",""hair"":""very long flowing wavy"",""tribe"":""Oglala Lakota""}";2025-12-02 04:34:40.638597+00;2025-12-02 05:55:04.881286+00;professional
5d29ff6f-5234-493e-b123-e8ec3db314c1;Meli;Bitter;Ben Reifel;Meli Bitter Ben Reifel;Beautiful Young Brule Lakota Woman;1920s;Stunning 22-year-old with flowing wavy black hair past waist, delicate features, 1920s flapper-style dress with Native beadwork;;elevenlabs;{};[];;"{""age"":22,""beauty"":""breathtaking"",""hair"":""flowing wavy past waist"",""tribe"":""Brule Lakota""}";2025-12-02 04:34:40.638597+00;2025-12-02 05:55:04.881286+00;professional
50e47223-85bb-4c4b-ab2d-bbdb95e3f529;Nuna;Land;Nick Black Elk;Nuna Land Nick Black Elk;Beautiful Young Oglala Lakota Woman;1920s;Gorgeous 21-year-old with very long wavy hair, pretty face with modern makeup, traditional dress with 1920s fashion influence;;elevenlabs;{};[];;"{""age"":21,""beauty"":""enchanting"",""hair"":""very long wavy"",""tribe"":""Oglala Lakota""}";2025-12-02 04:34:40.638597+00;2025-12-02 05:55:04.881286+00;professional
dc440c64-d798-49e8-a0a3-126e35d73098;Aiyana;Eternal Blossom;Henry Standing Bear;Aiyana Eternal Blossom Henry Standing Bear;Beautiful Young Lakota Woman;1930s;Beautiful 20-year-old with waist-length wavy black hair, delicate features, wearing 1930s style dress with Native patterns;;elevenlabs;{};[];;"{""age"":20,""beauty"":""captivating"",""hair"":""waist-length wavy"",""tribe"":""Lakota""}";2025-12-02 04:34:40.638597+00;2025-12-02 05:55:04.881286+00;professional
e0227ece-d76e-4f1f-b9ca-734d5d3deddc;Winona;First Daughter;Oscar Howe;Winona First Daughter Oscar Howe;Beautiful Young Yanktonai Dakota Woman;1930s;Stunning 18-year-old with very long flowing wavy hair, pretty oval face, modern 1930s dress with traditional accents;;elevenlabs;{};[];;"{""age"":18,""beauty"":""radiant"",""hair"":""very long flowing wavy"",""tribe"":""Yanktonai Dakota""}";2025-12-02 04:34:40.638597+00;2025-12-02 05:55:04.881286+00;professional
27b979a2-4fb7-4f87-8bab-a4a8b08db110;Chenoa;White Dove;Vine Deloria Sr;Chenoa White Dove Vine Deloria Sr;Beautiful Young Standing Rock Sioux Woman;1940s;Gorgeous 19-year-old with flowing wavy hair past shoulders, delicate facial structure, 1940s style with Native jewelry;;elevenlabs;{};[];;"{""age"":19,""beauty"":""stunning"",""hair"":""flowing wavy long"",""tribe"":""Standing Rock Sioux""}";2025-12-02 04:34:40.638597+00;2025-12-02 05:55:04.881286+00;professional
d2fce56f-d5a5-46f8-8d29-f8b28789e973;Halona;Of Good Fortune;Ella Deloria;Halona Of Good Fortune Ella Deloria;Beautiful Young Yankton Dakota Woman;1940s;Beautiful 21-year-old with very long wavy black hair, pretty face, 1940s fashion with traditional beadwork;;elevenlabs;{};[];;"{""age"":21,""beauty"":""striking"",""hair"":""very long wavy"",""tribe"":""Yankton Dakota""}";2025-12-02 04:34:40.638597+00;2025-12-02 05:55:04.881286+00;professional
1d223fe6-1ce3-4cc2-b4a9-14d4fa4a1324;Kaya;Wise Child;Ben Black Elk;Kaya Wise Child Ben Black Elk;Beautiful Young Oglala Lakota Woman;1950s;Stunning 22-year-old with waist-length wavy hair, delicate features, 1950s style dress with Native American accessories;;elevenlabs;{};[];;"{""age"":22,""beauty"":""breathtaking"",""hair"":""waist-length wavy"",""tribe"":""Oglala Lakota""}";2025-12-02 04:34:40.638597+00;2025-12-02 05:55:04.881286+00;professional
6d90c24f-eb6d-430e-9334-f2cec8d40281;Tallulah;Leaping Water;Russell Means;Tallulah Leaping Water Russell Means;Beautiful Young Oglala Lakota Woman;1960s;Gorgeous 20-year-old with very long flowing wavy hair, pretty face, 1960s fashion with traditional turquoise jewelry;;elevenlabs;{};[];;"{""age"":20,""beauty"":""captivating"",""hair"":""very long flowing wavy"",""tribe"":""Oglala Lakota""}";2025-12-02 04:34:40.638597+00;2025-12-02 05:55:04.881286+00;professional
2e0aed27-4126-4e38-a384-cb82af929a91;Ayasha;Little One;Dennis Banks;Ayasha Little One Dennis Banks;Beautiful Young Anishinaabe Woman;1970s;Beautiful 18-year-old with flowing wavy black hair past waist, delicate facial features, 1970s bohemian style with Native elements;;elevenlabs;{};[];;"{""age"":18,""beauty"":""radiant"",""hair"":""flowing wavy past waist"",""tribe"":""Anishinaabe""}";2025-12-02 04:34:40.638597+00;2025-12-02 05:55:04.881286+00;professional
24b9bc07-0981-4ad8-9fd8-7efd1a30ea02;Kimi;Secret;Clyde Bellecourt;Kimi Secret Clyde Bellecourt;Beautiful Young Ojibwe Woman;1970s;Stunning 19-year-old with very long wavy hair, pretty face, 1970s style with traditional beadwork and fringe;;elevenlabs;{};[];;"{""age"":19,""beauty"":""enchanting"",""hair"":""very long wavy"",""tribe"":""Ojibwe""}";2025-12-02 04:34:40.638597+00;2025-12-02 05:55:04.881286+00;professional
0ad81190-4693-44d9-8c94-73eb2615712e;Miakoda;Power of the Moon;Mary Brave Bird;Miakoda Power of the Moon Mary Brave Bird;Beautiful Young Lakota Woman;1970s;Gorgeous 21-year-old with waist-length wavy black hair, delicate features, 1970s activist style with traditional adornments;;elevenlabs;{};[];;"{""age"":21,""beauty"":""stunning"",""hair"":""waist-length wavy"",""tribe"":""Lakota""}";2025-12-02 04:34:40.638597+00;2025-12-02 05:55:04.881286+00;professional
7e68e0fa-f68d-48d8-ada5-636b16f9db1f;Kimama;Butterfly;John Trudell;Kimama Butterfly John Trudell;Beautiful Young Santee Dakota Woman;1980s;Beautiful 20-year-old with very long flowing wavy hair, pretty oval face, 1980s style with Native American jewelry;;elevenlabs;{};[];;"{""age"":20,""beauty"":""striking"",""hair"":""very long flowing wavy"",""tribe"":""Santee Dakota""}";2025-12-02 04:34:40.638597+00;2025-12-02 05:55:04.881286+00;professional
110194c1-2d02-49cb-b83f-30eb78813778;Nizhoni;Beautiful;Wilma Mankiller;Nizhoni Beautiful Wilma Mankiller;Beautiful Young Cherokee Woman;1980s;Stunning 18-year-old with flowing wavy hair past shoulders, delicate facial structure, 1980s professional style with traditional touches;;elevenlabs;{};[];;"{""age"":18,""beauty"":""captivating"",""hair"":""flowing wavy long"",""tribe"":""Cherokee""}";2025-12-02 04:34:40.638597+00;2025-12-02 05:55:04.881286+00;professional
f1da3aa9-efd8-48da-b9a9-4030342e8e06;Aiyana;Forever Flowering;Winona LaDuke;Aiyana Forever Flowering Winona LaDuke;Beautiful Young Anishinaabe Woman;1980s;Gorgeous 22-year-old with very long wavy black hair, pretty face, 1980s environmental activist style with Native accessories;;elevenlabs;{};[];;"{""age"":22,""beauty"":""radiant"",""hair"":""very long wavy"",""tribe"":""Anishinaabe""}";2025-12-02 04:34:40.638597+00;2025-12-02 05:55:04.881286+00;professional
9dfc514d-aeb7-4f0e-b8dc-59f76118fdc9;Sunki;To Overtake;Billy Mills;Sunki To Overtake Billy Mills;Beautiful Young Oglala Lakota Woman;1980s;Beautiful 19-year-old with waist-length wavy hair, delicate features, 1980s athletic style with traditional pride;;elevenlabs;{};[];;"{""age"":19,""beauty"":""breathtaking"",""hair"":""waist-length wavy"",""tribe"":""Oglala Lakota""}";2025-12-02 04:34:40.638597+00;2025-12-02 05:55:04.881286+00;professional
1e5ffc5c-abe5-4874-be1c-901ef7324663;Tala;Stalking Wolf;Leonard Peltier;Tala Stalking Wolf Leonard Peltier;Beautiful Young Turtle Mountain Chippewa Woman;1980s;Stunning 21-year-old with very long flowing wavy hair, pretty face, 1980s style with strong Native identity;;elevenlabs;{};[];;"{""age"":21,""beauty"":""enchanting"",""hair"":""very long flowing wavy"",""tribe"":""Turtle Mountain Chippewa""}";2025-12-02 04:34:40.638597+00;2025-12-02 05:55:04.881286+00;professional
a78b4ea9-51fc-421e-8a76-ab94d887e293;Waya;Wolf;Joy Harjo;Waya Wolf Joy Harjo;Beautiful Young Muscogee Creek Woman;1990s;Gorgeous 20-year-old with flowing wavy black hair past waist, delicate facial structure, 1990s poet style with Native jewelry;;elevenlabs;{};[];;"{""age"":20,""beauty"":""stunning"",""hair"":""flowing wavy past waist"",""tribe"":""Muscogee Creek""}";2025-12-02 04:34:40.638597+00;2025-12-02 05:55:04.881286+00;professional
8413c71e-564a-46f9-98a1-72f884cb9dbe;Takoda;Friend to Everyone;Sherman Alexie;Takoda Friend to Everyone Sherman Alexie;Beautiful Young Spokane-Coeur d'Alene Woman;1990s;Beautiful 18-year-old with very long wavy hair, pretty oval face, 1990s grunge style with traditional beadwork;;elevenlabs;{};[];;"{""age"":18,""beauty"":""captivating"",""hair"":""very long wavy"",""tribe"":""Spokane-Coeur d'Alene""}";2025-12-02 04:34:40.638597+00;2025-12-02 05:55:04.881286+00;professional
68466276-2fdc-4cd5-972d-47525c8e0c76;Shilah;Brother;N. Scott Momaday;Shilah Brother N. Scott Momaday;Beautiful Young Kiowa Woman;1990s;Stunning 19-year-old with waist-length wavy black hair, delicate features, 1990s academic style with Native American accents;;elevenlabs;{};[];;"{""age"":19,""beauty"":""radiant"",""hair"":""waist-length wavy"",""tribe"":""Kiowa""}";2025-12-02 04:34:40.638597+00;2025-12-02 05:55:04.881286+00;professional
25d62519-e473-4f29-855e-ae37911a5c03;Aponi;Butterfly;Louise Erdrich;Aponi Butterfly Louise Erdrich;Beautiful Young Turtle Mountain Chippewa Woman;1990s;Gorgeous 21-year-old with very long flowing wavy hair, pretty face, 1990s literary style with traditional elements;;elevenlabs;{};[];;"{""age"":21,""beauty"":""striking"",""hair"":""very long flowing wavy"",""tribe"":""Turtle Mountain Chippewa""}";2025-12-02 04:34:40.638597+00;2025-12-02 05:55:04.881286+00;professional
2478ad94-a3d9-40d1-bd39-b5b1a82257de;Lenmana;Flute Girl;LaDonna Harris;Lenmana Flute Girl LaDonna Harris;Beautiful Young Comanche Woman;1990s;Beautiful 22-year-old with flowing wavy hair past shoulders, delicate facial structure, 1990s activist style with Native pride;;elevenlabs;{};[];;"{""age"":22,""beauty"":""breathtaking"",""hair"":""flowing wavy long"",""tribe"":""Comanche""}";2025-12-02 04:34:40.638597+00;2025-12-02 05:55:04.881286+00;professional
072984ee-4711-4a19-ba7f-04c9476e0aae;Nadie;Wise;RedHawk;Nadie Wise RedHawk;Beautiful Young Lakota Woman;2000s;Stunning 20-year-old with very long wavy black hair, pretty face with modern style, 2000s fashion with traditional turquoise jewelry;;elevenlabs;{};[];;"{""age"":20,""beauty"":""captivating"",""hair"":""very long wavy"",""tribe"":""Lakota""}";2025-12-02 04:35:49.136907+00;2025-12-02 05:55:04.881286+00;professional
b44982f1-9bbb-49ef-bc09-5c44fdd54686;Aleshanee;She Plays All the Time;WhiteCloud;Aleshanee She Plays All the Time WhiteCloud;Beautiful Young Cherokee Woman;2000s;Gorgeous 18-year-old with waist-length wavy hair, delicate features, 2000s casual style with Native beadwork accessories;;elevenlabs;{};[];;"{""age"":18,""beauty"":""radiant"",""hair"":""waist-length wavy"",""tribe"":""Cherokee""}";2025-12-02 04:35:49.136907+00;2025-12-02 05:55:04.881286+00;professional
b59ba206-599c-4b6a-8850-0c6c3ffc659e;Kaliska;Coyote Chasing Deer;StormCloud;Kaliska Coyote Chasing Deer StormCloud;Beautiful Young Navajo Woman;2000s;Beautiful 19-year-old with very long flowing wavy hair, pretty oval face, 2000s style with traditional silver jewelry;;elevenlabs;{};[];;"{""age"":19,""beauty"":""stunning"",""hair"":""very long flowing wavy"",""tribe"":""Navajo""}";2025-12-02 04:35:49.136907+00;2025-12-02 05:55:04.881286+00;professional
05a779dc-6ea4-4574-a3d6-799eab740a5a;Lomasi;Pretty Flower;SkyWalker;Lomasi Pretty Flower SkyWalker;Beautiful Young Hopi Woman;2000s;Stunning 21-year-old with flowing wavy black hair past waist, delicate facial structure, 2000s southwest style with pottery designs;;elevenlabs;{};[];;"{""age"":21,""beauty"":""enchanting"",""hair"":""flowing wavy past waist"",""tribe"":""Hopi""}";2025-12-02 04:35:49.136907+00;2025-12-02 05:55:04.881286+00;professional
c227dbd9-4cf3-4d54-8a18-8b675b12c5b8;Macawi;Motherly;ThunderBird;Macawi Motherly ThunderBird;Beautiful Young Lakota Woman;2000s;Gorgeous 22-year-old with very long wavy hair, pretty face, 2000s professional style with traditional star quilt patterns;;elevenlabs;{};[];;"{""age"":22,""beauty"":""striking"",""hair"":""very long wavy"",""tribe"":""Lakota""}";2025-12-02 04:35:49.136907+00;2025-12-02 05:55:04.881286+00;professional
2bf27000-c9c1-4eef-a5c3-6bf03b59c3b2;Maka;Earth Mother;BlackFeather;Maka Earth Mother BlackFeather;Beautiful Young Sioux Woman;2000s;Beautiful 20-year-old with waist-length wavy black hair, delicate features, 2000s university student style with Native pride;;elevenlabs;{};[];;"{""age"":20,""beauty"":""breathtaking"",""hair"":""waist-length wavy"",""tribe"":""Sioux""}";2025-12-02 04:35:49.136907+00;2025-12-02 05:55:04.881286+00;professional
b71b93b8-a54d-4a8e-b09c-5d093ef5b4d5;Namid;Star Dancer;MorningDove;Namid Star Dancer MorningDove;Beautiful Young Cheyenne Woman;2000s;Stunning 18-year-old with very long flowing wavy hair, pretty face, 2000s dancer style with traditional regalia elements;;elevenlabs;{};[];;"{""age"":18,""beauty"":""captivating"",""hair"":""very long flowing wavy"",""tribe"":""Cheyenne""}";2025-12-02 04:35:49.136907+00;2025-12-02 05:55:04.881286+00;professional
ecd6afcd-1c00-4794-8981-4d615d166c81;Nituna;Daughter;GoldenEagle;Nituna Daughter GoldenEagle;Beautiful Young Apache Woman;2000s;Gorgeous 19-year-old with flowing wavy hair past shoulders, delicate facial structure, 2000s southwestern style with turquoise;;elevenlabs;{};[];;"{""age"":19,""beauty"":""radiant"",""hair"":""flowing wavy long"",""tribe"":""Apache""}";2025-12-02 04:35:49.136907+00;2025-12-02 05:55:04.881286+00;professional
a175dae1-a658-4e9a-aad7-ee18df9830d4;Odina;Mountain;HighHawk;Odina Mountain HighHawk;Beautiful Young Lakota Woman;2000s;Beautiful 21-year-old with very long wavy black hair, pretty oval face, 2000s outdoor enthusiast style with Native crafts;;elevenlabs;{};[];;"{""age"":21,""beauty"":""stunning"",""hair"":""very long wavy"",""tribe"":""Lakota""}";2025-12-02 04:35:49.136907+00;2025-12-02 05:55:04.881286+00;professional
151d2a26-ec16-46b4-8f08-0e663f8a95af;Onawa;Wide Awake;BraveHeart;Onawa Wide Awake BraveHeart;Beautiful Young Cherokee Woman;2000s;Stunning 22-year-old with waist-length wavy hair, delicate features, 2000s political activist style with traditional ribbon work;;elevenlabs;{};[];;"{""age"":22,""beauty"":""enchanting"",""hair"":""waist-length wavy"",""tribe"":""Cherokee""}";2025-12-02 04:35:49.136907+00;2025-12-02 05:55:04.881286+00;professional
df4e09aa-8ceb-4728-aa2a-627f14f52829;Zitkala;Song Bird;RedStar;Zitkala Song Bird RedStar;Beautiful Young Lakota Fashion Designer;2020s;Gorgeous 23-year-old with very long flowing wavy hair, pretty face with modern makeup, contemporary designer clothing with Native patterns;;elevenlabs;{};[];;"{""age"":23,""beauty"":""breathtaking"",""hair"":""very long flowing wavy"",""tribe"":""Lakota""}";2025-12-02 04:35:49.136907+00;2025-12-02 05:55:04.881286+00;professional
d1a886e4-f59a-440f-b36d-58a1626e207f;Aiyana;Eternal Blossom;WhiteEagle;Aiyana Eternal Blossom WhiteEagle;Beautiful Young Lakota Social Media Influencer;2020s;Stunning 21-year-old with flowing wavy black hair past waist, delicate facial features, trendy 2020s fashion with traditional jewelry;;elevenlabs;{};[];;"{""age"":21,""beauty"":""captivating"",""hair"":""flowing wavy past waist"",""tribe"":""Lakota""}";2025-12-02 04:35:49.136907+00;2025-12-02 05:55:04.881286+00;professional
73fd29fb-9ea5-4180-a295-ef74765906e4;Kimimela;Butterfly;SkyDancer;Kimimela Butterfly SkyDancer;Beautiful Young Dakota Environmental Activist;2020s;Beautiful 20-year-old with very long wavy hair, pretty face, modern eco-fashion with Native American accessories;;elevenlabs;{};[];;"{""age"":20,""beauty"":""radiant"",""hair"":""very long wavy"",""tribe"":""Dakota""}";2025-12-02 04:35:49.136907+00;2025-12-02 05:55:04.881286+00;professional
1b5a35b3-d494-4c2b-abcd-97a67c246ecd;Winona;First Born Daughter;NightSky;Winona First Born Daughter NightSky;Beautiful Young Lakota Artist;2020s;Gorgeous 19-year-old with waist-length wavy black hair, delicate features, artistic 2020s style with traditional beadwork;;elevenlabs;{};[];;"{""age"":19,""beauty"":""stunning"",""hair"":""waist-length wavy"",""tribe"":""Lakota""}";2025-12-02 04:35:49.136907+00;2025-12-02 05:55:04.881286+00;professional
f6ac97ab-3564-412a-85c4-8bbce0e52c70;Chenoa;White Dove;MorningLight;Chenoa White Dove MorningLight;Beautiful Young Cherokee Tech Entrepreneur;2020s;Stunning 24-year-old with very long flowing wavy hair, pretty oval face, professional modern style with Native pride;;elevenlabs;{};[];;"{""age"":24,""beauty"":""striking"",""hair"":""very long flowing wavy"",""tribe"":""Cherokee""}";2025-12-02 04:35:49.136907+00;2025-12-02 05:55:04.881286+00;professional
edc60d49-1132-4ac4-bd15-7e4aabc8d809;Halona;Happy Fortune;RedCloud;Halona Happy Fortune RedCloud;Beautiful Young Navajo Teacher;2020s;Beautiful 22-year-old with flowing wavy hair past shoulders, delicate facial structure, contemporary educator style with turquoise jewelry;;elevenlabs;{};[];;"{""age"":22,""beauty"":""enchanting"",""hair"":""flowing wavy long"",""tribe"":""Navajo""}";2025-12-02 04:35:49.136907+00;2025-12-02 05:55:04.881286+00;professional
61ee2ac8-b3f3-413f-97f5-2ce7e6cca39e;Kaya;Elder Sister;WildRose;Kaya Elder Sister WildRose;Beautiful Young Apache Nurse;2020s;Gorgeous 25-year-old with very long wavy black hair, pretty face, healthcare professional style with traditional silver;;elevenlabs;{};[];;"{""age"":25,""beauty"":""breathtaking"",""hair"":""very long wavy"",""tribe"":""Apache""}";2025-12-02 04:35:49.136907+00;2025-12-02 05:55:04.881286+00;professional
32c4b2fb-8390-4699-8e35-04733ff03464;Tallulah;Leaping Water;Thunderheart;Tallulah Leaping Water Thunderheart;Beautiful Young Cheyenne Lawyer;2020s;Stunning 23-year-old with waist-length wavy hair, delicate features, professional legal style with Native American accessories;;elevenlabs;{};[];;"{""age"":23,""beauty"":""captivating"",""hair"":""waist-length wavy"",""tribe"":""Cheyenne""}";2025-12-02 04:35:49.136907+00;2025-12-02 05:55:04.881286+00;professional
1a0339b3-c2a6-488f-8298-61048c9a154d;Ayasha;Little One;BrightStar;Ayasha Little One BrightStar;Beautiful Young Lakota Dancer;2020s;Beautiful 18-year-old with very long flowing wavy hair, pretty face, contemporary pow wow regalia with stunning jingle dress;;elevenlabs;{};[];;"{""age"":18,""beauty"":""radiant"",""hair"":""very long flowing wavy"",""tribe"":""Lakota""}";2025-12-02 04:35:49.136907+00;2025-12-02 05:55:04.881286+00;professional
6373ba3a-fc43-411b-b08b-0cee41506fc4;Kimi;Secret;SilentWolf;Kimi Secret SilentWolf;Beautiful Young Comanche Singer;2020s;Gorgeous 20-year-old with flowing wavy black hair past waist, delicate facial structure, modern music artist style with traditional elements;;elevenlabs;{};[];;"{""age"":20,""beauty"":""stunning"",""hair"":""flowing wavy past waist"",""tribe"":""Comanche""}";2025-12-02 04:35:49.136907+00;2025-12-02 05:55:04.881286+00;professional
6d7a02a0-fea6-4eb8-84d3-02071addad10;Miakoda;Power of the Moon;BlackWing;Miakoda Power of the Moon BlackWing;Beautiful Young Lakota Veterinarian;2020s;Stunning 24-year-old with very long wavy hair, pretty oval face, veterinary professional style with Native jewelry;;elevenlabs;{};[];;"{""age"":24,""beauty"":""enchanting"",""hair"":""very long wavy"",""tribe"":""Lakota""}";2025-12-02 04:35:49.136907+00;2025-12-02 05:55:04.881286+00;professional
f9db3e3c-988c-45ce-bbae-c45cc302521e;Kimama;Butterfly;FireSky;Kimama Butterfly FireSky;Beautiful Young Crow Engineer;2020s;Beautiful 23-year-old with waist-length wavy black hair, delicate features, tech professional style with traditional beadwork;;elevenlabs;{};[];;"{""age"":23,""beauty"":""striking"",""hair"":""waist-length wavy"",""tribe"":""Crow""}";2025-12-02 04:35:49.136907+00;2025-12-02 05:55:04.881286+00;professional
1d3c2465-82e2-448a-9dd1-cc65fc813e49;Nizhoni;Beautiful One;RainbowCloud;Nizhoni Beautiful One RainbowCloud;Beautiful Young Navajo Doctor;2020s;Gorgeous 26-year-old with very long flowing wavy hair, pretty face, medical professional style with turquoise and silver;;elevenlabs;{};[];;"{""age"":26,""beauty"":""breathtaking"",""hair"":""very long flowing wavy"",""tribe"":""Navajo""}";2025-12-02 04:35:49.136907+00;2025-12-02 05:55:04.881286+00;professional
1bb3d679-852a-4a8b-a06d-6997c241e4e7;Sunki;To Overtake;SwiftArrow;Sunki To Overtake SwiftArrow;Beautiful Young Lakota Athlete;2020s;Stunning 21-year-old with flowing wavy hair past shoulders, delicate facial structure, athletic wear with Native American designs;;elevenlabs;{};[];;"{""age"":21,""beauty"":""captivating"",""hair"":""flowing wavy long"",""tribe"":""Lakota""}";2025-12-02 04:35:49.136907+00;2025-12-02 05:55:04.881286+00;professional
588b0f4b-650e-45ac-9a3e-dddb07b59053;Tala;Stalking Wolf;MoonDancer;Tala Stalking Wolf MoonDancer;Beautiful Young Cherokee Journalist;2020s;Beautiful 22-year-old with very long wavy black hair, pretty face, modern professional style with traditional ribbon work;;elevenlabs;{};[];;"{""age"":22,""beauty"":""radiant"",""hair"":""very long wavy"",""tribe"":""Cherokee""}";2025-12-02 04:35:49.136907+00;2025-12-02 05:55:04.881286+00;professional
4f57662f-5558-455c-a2e6-dfd36c7b4aca;Waya;Wolf;StormRider;Waya Wolf StormRider;Beautiful Young Lakota Photographer;2020s;Gorgeous 20-year-old with waist-length wavy hair, delicate features, artistic photographer style with Native accessories;;elevenlabs;{};[];;"{""age"":20,""beauty"":""stunning"",""hair"":""waist-length wavy"",""tribe"":""Lakota""}";2025-12-02 04:35:49.136907+00;2025-12-02 05:55:04.881286+00;professional
5456b062-ea96-4c02-b2c4-4fe8ec44b13e;Takoda;Friend to Everyone;WhiteBuffalo;Takoda Friend to Everyone WhiteBuffalo;Beautiful Young Dakota Psychologist;2020s;Stunning 25-year-old with very long flowing wavy hair, pretty oval face, professional counselor style with traditional elements;;elevenlabs;{};[];;"{""age"":25,""beauty"":""enchanting"",""hair"":""very long flowing wavy"",""tribe"":""Dakota""}";2025-12-02 04:35:49.136907+00;2025-12-02 05:55:04.881286+00;professional
926fd2c5-d04a-4594-937b-b7491615770d;Aponi;Butterfly;SunDancer;Aponi Butterfly SunDancer;Beautiful Young Hopi Archaeologist;2020s;Beautiful 24-year-old with flowing wavy black hair past waist, delicate facial structure, field researcher style with pottery jewelry;;elevenlabs;{};[];;"{""age"":24,""beauty"":""striking"",""hair"":""flowing wavy past waist"",""tribe"":""Hopi""}";2025-12-02 04:35:49.136907+00;2025-12-02 05:55:04.881286+00;professional
69d8f6cd-ee0b-4d79-97c3-f6ba383f6b62;Lenmana;Flute Girl;GoldenHawk;Lenmana Flute Girl GoldenHawk;Beautiful Young Apache Musician;2020s;Gorgeous 19-year-old with very long wavy hair, pretty face, contemporary musician style with traditional silver accessories;;elevenlabs;{};[];;"{""age"":19,""beauty"":""breathtaking"",""hair"":""very long wavy"",""tribe"":""Apache""}";2025-12-02 04:35:49.136907+00;2025-12-02 05:55:04.881286+00;professional
0e4c245b-e0e3-4d93-808b-cca694bcc2ee;Nadie;Wise;BlueFeather;Nadie Wise BlueFeather;Beautiful Young Cheyenne Writer;2020s;Stunning 23-year-old with waist-length wavy black hair, delicate features, literary author style with Native American beadwork;;elevenlabs;{};[];;"{""age"":23,""beauty"":""captivating"",""hair"":""waist-length wavy"",""tribe"":""Cheyenne""}";2025-12-02 04:35:49.136907+00;2025-12-02 05:55:04.881286+00;professional
353a3c8d-c272-4b89-b91a-340ca6ab0863;Aleshanee;She Plays All the Time;StarWalker;Aleshanee She Plays All the Time StarWalker;Beautiful Young Navajo Game Developer;2020s;Beautiful 22-year-old with very long flowing wavy hair, pretty face, tech industry style with turquoise jewelry;;elevenlabs;{};[];;"{""age"":22,""beauty"":""radiant"",""hair"":""very long flowing wavy"",""tribe"":""Navajo""}";2025-12-02 04:35:49.136907+00;2025-12-02 05:55:04.881286+00;professional
691aee1e-4e67-460f-95c2-9199cb651523;Kaliska;Coyote Chasing Deer;RedWing;Kaliska Coyote Chasing Deer RedWing;Beautiful Young Lakota Chef;2020s;Gorgeous 21-year-old with flowing wavy hair past shoulders, delicate facial structure, culinary professional style with traditional accessories;;elevenlabs;{};[];;"{""age"":21,""beauty"":""stunning"",""hair"":""flowing wavy long"",""tribe"":""Lakota""}";2025-12-02 04:35:49.136907+00;2025-12-02 05:55:04.881286+00;professional
4a6303bc-062c-4b2e-bfd0-146c3adac91f;Lomasi;Pretty Flower;IronHorse;Lomasi Pretty Flower IronHorse;Beautiful Young Cherokee Marketing Executive;2020s;Stunning 25-year-old with very long wavy black hair, pretty oval face, corporate style with Native American pride;;elevenlabs;{};[];;"{""age"":25,""beauty"":""enchanting"",""hair"":""very long wavy"",""tribe"":""Cherokee""}";2025-12-02 04:35:49.136907+00;2025-12-02 05:55:04.881286+00;professional
4af3d727-428f-4cd3-a8cf-b4dfcca6b416;Macawi;Motherly;EagleWing;Macawi Motherly EagleWing;Beautiful Young Lakota Midwife;2020s;Beautiful 24-year-old with waist-length wavy hair, delicate features, healthcare provider style with traditional beadwork;;elevenlabs;{};[];;"{""age"":24,""beauty"":""striking"",""hair"":""waist-length wavy"",""tribe"":""Lakota""}";2025-12-02 04:35:49.136907+00;2025-12-02 05:55:04.881286+00;professional
e59e4316-81d7-44d0-9f8e-89d4f7c4e9c8;Maka;Earth;SacredHeart;Maka Earth SacredHeart;Beautiful Young Sioux Biologist;2020s;Gorgeous 23-year-old with very long flowing wavy hair, pretty face, scientist style with Native jewelry;;elevenlabs;{};[];;"{""age"":23,""beauty"":""breathtaking"",""hair"":""very long flowing wavy"",""tribe"":""Sioux""}";2025-12-02 04:35:49.136907+00;2025-12-02 05:55:04.881286+00;professional
89378340-2d91-4ad9-ac33-c6790e4e2b35;Namid;Star Dancer;WinterSky;Namid Star Dancer WinterSky;Beautiful Young Crow Fashion Model;2020s;Stunning 20-year-old with flowing wavy black hair past waist, delicate facial structure, high fashion runway style with traditional elements;;elevenlabs;{};[];;"{""age"":20,""beauty"":""captivating"",""hair"":""flowing wavy past waist"",""tribe"":""Crow""}";2025-12-02 04:35:49.136907+00;2025-12-02 05:55:04.881286+00;professional
9ee4ae37-6f36-42a9-ae0f-0702f60d57f6;Nituna;Daughter;PrairieRose;Nituna Daughter PrairieRose;Beautiful Young Apache Social Worker;2020s;Beautiful 26-year-old with very long wavy hair, pretty face, community service style with silver jewelry;;elevenlabs;{};[];;"{""age"":26,""beauty"":""radiant"",""hair"":""very long wavy"",""tribe"":""Apache""}";2025-12-02 04:35:49.136907+00;2025-12-02 05:55:04.881286+00;professional
469e67a1-c32b-4248-ab34-05d56958e8a4;Odina;Mountain;SnowBird;Odina Mountain SnowBird;Beautiful Young Lakota Pilot;2020s;Gorgeous 24-year-old with waist-length wavy black hair, delicate features, aviation professional style with Native accessories;;elevenlabs;{};[];;"{""age"":24,""beauty"":""stunning"",""hair"":""waist-length wavy"",""tribe"":""Lakota""}";2025-12-02 04:35:49.136907+00;2025-12-02 05:55:04.881286+00;professional
4b56de4a-1c36-4175-ad3c-5291c1e4029d;Onawa;Wide Awake;ThunderCloud;Onawa Wide Awake ThunderCloud;Beautiful Young Cheyenne Architect;2020s;Stunning 25-year-old with very long flowing wavy hair, pretty oval face, architectural professional style with traditional beadwork;;elevenlabs;{};[];;"{""age"":25,""beauty"":""enchanting"",""hair"":""very long flowing wavy"",""tribe"":""Cheyenne""}";2025-12-02 04:35:49.136907+00;2025-12-02 05:55:04.881286+00;professional
87e42188-599c-4e2b-b467-160d78db9749;Selu;Corn;RisingMoon;Selu Corn RisingMoon;Beautiful Young Cherokee Botanist;2020s;Beautiful 23-year-old with flowing wavy hair past shoulders, delicate facial structure, field researcher style with ribbon work;;elevenlabs;{};[];;"{""age"":23,""beauty"":""striking"",""hair"":""flowing wavy long"",""tribe"":""Cherokee""}";2025-12-02 04:35:49.136907+00;2025-12-02 05:55:04.881286+00;professional
16c95830-a8c8-4608-98ed-66a71915cca1;Talulah;Leaping Waters;SilverFox;Talulah Leaping Waters SilverFox;Beautiful Young Navajo Film Director;2020s;Gorgeous 27-year-old with very long wavy black hair, pretty face, creative director style with turquoise and silver;;elevenlabs;{};[];;"{""age"":27,""beauty"":""breathtaking"",""hair"":""very long wavy"",""tribe"":""Navajo""}";2025-12-02 04:35:49.136907+00;2025-12-02 05:55:04.881286+00;professional
e335ed9f-d43b-4e3c-8f68-4db1e405d237;Weeko;Pretty One;GrayEagle;Weeko Pretty One GrayEagle;Beautiful Young Lakota Data Scientist;2020s;Stunning 24-year-old with waist-length wavy hair, delicate features, tech professional style with traditional star patterns;;elevenlabs;{};[];;"{""age"":24,""beauty"":""captivating"",""hair"":""waist-length wavy"",""tribe"":""Lakota""}";2025-12-02 04:35:49.136907+00;2025-12-02 05:55:04.881286+00;professional
b74d18ad-2723-4132-895a-a2f52c2e9210;Yana;Bear;WhiteThunder;Yana Bear WhiteThunder;Beautiful Young Comanche Financial Advisor;2020s;Beautiful 25-year-old with very long flowing wavy hair, pretty face, business professional style with Native accessories;;elevenlabs;{};[];;"{""age"":25,""beauty"":""radiant"",""hair"":""very long flowing wavy"",""tribe"":""Comanche""}";2025-12-02 04:35:49.136907+00;2025-12-02 05:55:04.881286+00;professional
19dd9845-4215-4997-9236-dcd59ae7a1d9;Yuma;Chief's Son;RedHorse;Yuma Chief's Son RedHorse;Beautiful Young Apache Surgeon;2020s;Gorgeous 28-year-old with flowing wavy black hair past waist, delicate facial structure, medical professional style with silver jewelry;;elevenlabs;{};[];;"{""age"":28,""beauty"":""stunning"",""hair"":""flowing wavy past waist"",""tribe"":""Apache""}";2025-12-02 04:35:49.136907+00;2025-12-02 05:55:04.881286+00;professional
b77fff6d-6648-43db-b79e-9076477f4d56;Zaltana;High Mountain;FireWalker;Zaltana High Mountain FireWalker;Beautiful Young Lakota Professor;2020s;Stunning 26-year-old with very long wavy hair, pretty oval face, academic professional style with traditional beadwork;;elevenlabs;{};[];;"{""age"":26,""beauty"":""enchanting"",""hair"":""very long wavy"",""tribe"":""Lakota""}";2025-12-02 04:35:49.136907+00;2025-12-02 05:55:04.881286+00;professional
4db37b53-2777-4d8f-ad77-9867266a51e2;Haloke;Spirit of the Salmon;ClearWater;Haloke Spirit of the Salmon ClearWater;Beautiful Young Nez Perce Marine Biologist;2020s;Beautiful 24-year-old with waist-length wavy black hair, delicate features, ocean researcher style with shell jewelry;;elevenlabs;{};[];;"{""age"":24,""beauty"":""striking"",""hair"":""waist-length wavy"",""tribe"":""Nez Perce""}";2025-12-02 04:35:49.136907+00;2025-12-02 05:55:04.881286+00;professional
a050a5ed-09c0-4fb1-9fa0-22de0e5c8667;Ituha;Strong Oak;StoneBear;Ituha Strong Oak StoneBear;Beautiful Young Blackfeet Conservation Officer;2020s;Gorgeous 23-year-old with very long flowing wavy hair, pretty face, wildlife ranger style with traditional geometric patterns;;elevenlabs;{};[];;"{""age"":23,""beauty"":""breathtaking"",""hair"":""very long flowing wavy"",""tribe"":""Blackfeet""}";2025-12-02 04:35:49.136907+00;2025-12-02 05:55:04.881286+00;professional
e8a1ad12-dae0-4f24-9e8b-6ed924089734;Kanuna;Bullfrog;RainDancer;Kanuna Bullfrog RainDancer;Beautiful Young Cherokee Pharmaceutical Researcher;2020s;Stunning 25-year-old with flowing wavy hair past shoulders, delicate facial structure, lab scientist style with ribbon work;;elevenlabs;{};[];;"{""age"":25,""beauty"":""captivating"",""hair"":""flowing wavy long"",""tribe"":""Cherokee""}";2025-12-02 04:35:49.136907+00;2025-12-02 05:55:04.881286+00;professional
cb7be128-e65a-4422-b648-37b17f44491d;Koko;Night;MoonShadow;Koko Night MoonShadow;Beautiful Young Hopi Astronomer;2020s;Beautiful 24-year-old with very long wavy black hair, pretty face, observatory researcher style with pottery designs;;elevenlabs;{};[];;"{""age"":24,""beauty"":""radiant"",""hair"":""very long wavy"",""tribe"":""Hopi""}";2025-12-02 04:35:49.136907+00;2025-12-02 05:55:04.881286+00;professional
3665cc37-965d-4747-9a4e-b2c6fbfa0ace;Meda;Prophetess;SkyHunter;Meda Prophetess SkyHunter;Beautiful Young Lakota Climate Scientist;2020s;Gorgeous 27-year-old with waist-length wavy hair, delicate features, environmental researcher style with star quilt patterns;;elevenlabs;{};[];;"{""age"":27,""beauty"":""stunning"",""hair"":""waist-length wavy"",""tribe"":""Lakota""}";2025-12-02 04:35:49.136907+00;2025-12-02 05:55:04.881286+00;professional
9aacd8c3-5f1b-4673-97a2-e9fb185139ed;Nova;Chases Butterfly;WindSinger;Nova Chases Butterfly WindSinger;Beautiful Young Dakota Linguist;2020s;Stunning 23-year-old with very long flowing wavy hair, pretty oval face, academic style with traditional language preservation elements;;elevenlabs;{};[];;"{""age"":23,""beauty"":""enchanting"",""hair"":""very long flowing wavy"",""tribe"":""Dakota""}";2025-12-02 04:35:49.136907+00;2025-12-02 05:55:04.881286+00;professional
44367ac6-7277-4574-8f06-8f747eded171;Opa;Owl;NightHawk;Opa Owl NightHawk;Beautiful Young Navajo Software Engineer;2020s;Beautiful 22-year-old with flowing wavy black hair past waist, delicate facial structure, tech startup style with turquoise jewelry;;elevenlabs;{};[];;"{""age"":22,""beauty"":""striking"",""hair"":""flowing wavy past waist"",""tribe"":""Navajo""}";2025-12-02 04:35:49.136907+00;2025-12-02 05:55:04.881286+00;professional
53ababd2-43ad-4daa-a4aa-29980280ee30;Peta;Golden Eagle;BraveWing;Peta Golden Eagle BraveWing;Beautiful Young Lakota Immunologist;2020s;Gorgeous 26-year-old with very long wavy hair, pretty face, medical research style with traditional beadwork;;elevenlabs;{};[];;"{""age"":26,""beauty"":""breathtaking"",""hair"":""very long wavy"",""tribe"":""Lakota""}";2025-12-02 04:35:49.136907+00;2025-12-02 05:55:04.881286+00;professional
2908ff01-421b-46d0-ae63-9951fe34dbd7;Tiva;Dance;LightningCloud;Tiva Dance LightningCloud;Beautiful Young Cheyenne Choreographer;2020s;Stunning 21-year-old with waist-length wavy black hair, delicate features, dance professional style with jingle dress elements;;elevenlabs;{};[];;"{""age"":21,""beauty"":""captivating"",""hair"":""waist-length wavy"",""tribe"":""Cheyenne""}";2025-12-02 04:35:49.136907+00;2025-12-02 05:55:04.881286+00;professional
d2fb8820-1789-44fb-941c-be9b0416d050;Wicapi;Star;DreamCatcher;Wicapi Star DreamCatcher;Beautiful Young Oglala Lakota Psychiatrist;2020s;Beautiful 28-year-old with very long flowing wavy hair, pretty face, mental health professional style with star patterns;;elevenlabs;{};[];;"{""age"":28,""beauty"":""radiant"",""hair"":""very long flowing wavy"",""tribe"":""Oglala Lakota""}";2025-12-02 04:35:49.136907+00;2025-12-02 05:55:04.881286+00;professional
01dcf271-ce47-40f6-b55a-35b580487e9c;Yoki;Rain;ThunderHorse;Yoki Rain ThunderHorse;Beautiful Young Apache Meteorologist;2020s;Gorgeous 25-year-old with flowing wavy hair past shoulders, delicate facial structure, weather scientist style with silver accessories;;elevenlabs;{};[];;"{""age"":25,""beauty"":""stunning"",""hair"":""flowing wavy long"",""tribe"":""Apache""}";2025-12-02 04:35:49.136907+00;2025-12-02 05:55:04.881286+00;professional
ecd0ee34-1e52-48f7-82dc-e12a212537c4;Abequa;Stays at Home;QuietWater;Abequa Stays at Home QuietWater;Beautiful Young Crow Interior Designer;2020s;Stunning 24-year-old with very long wavy black hair, pretty oval face, design professional style with elk teeth patterns;;elevenlabs;{};[];;"{""age"":24,""beauty"":""enchanting"",""hair"":""very long wavy"",""tribe"":""Crow""}";2025-12-02 04:35:49.136907+00;2025-12-02 05:55:04.881286+00;professional
c20272dc-5509-42fd-b11d-2d751686d22e;Doba;No War;PeaceKeeper;Doba No War PeaceKeeper;Beautiful Young Lakota Diplomat;2020s;Beautiful 27-year-old with waist-length wavy hair, delicate features, international relations style with traditional accessories;;elevenlabs;{};[];;"{""age"":27,""beauty"":""striking"",""hair"":""waist-length wavy"",""tribe"":""Lakota""}";2025-12-02 04:35:49.136907+00;2025-12-02 05:55:04.881286+00;professional
5ca6a4ce-b920-4c37-8162-a9fc9ca926e5;Ehawee;Laughing Maiden;JoyfulSong;Ehawee Laughing Maiden JoyfulSong;Beautiful Young Lakota Comedian;2020s;Gorgeous 23-year-old with very long flowing wavy hair, pretty face, entertainer style with contemporary Native fashion;;elevenlabs;{};[];;"{""age"":23,""beauty"":""breathtaking"",""hair"":""very long flowing wavy"",""tribe"":""Lakota""}";2025-12-02 04:35:49.136907+00;2025-12-02 05:55:04.881286+00;professional
5a6e4476-4157-43ff-8bab-b99f5802f15e;Fala;Crow;BlackRaven;Fala Crow BlackRaven;Beautiful Young Cherokee Ornithologist;2020s;Stunning 25-year-old with flowing wavy black hair past waist, delicate facial structure, field biologist style with ribbon work;;elevenlabs;{};[];;"{""age"":25,""beauty"":""captivating"",""hair"":""flowing wavy past waist"",""tribe"":""Cherokee""}";2025-12-02 04:35:49.136907+00;2025-12-02 05:55:04.881286+00;professional
2bac8885-c5fb-4192-bbf9-8813269e4091;Galilahi;Friendly;SwiftDeer;Galilahi Friendly SwiftDeer;Beautiful Young Cherokee Veterinary Surgeon;2020s;Beautiful 26-year-old with very long wavy hair, pretty face, animal hospital style with traditional beadwork;;elevenlabs;{};[];;"{""age"":26,""beauty"":""radiant"",""hair"":""very long wavy"",""tribe"":""Cherokee""}";2025-12-02 04:36:58.946872+00;2025-12-02 05:55:04.881286+00;professional
4e8d634e-f142-43ce-b92a-d0bf511b5370;Hateya;Press with the Foot;EarthDancer;Hateya Press with the Foot EarthDancer;Beautiful Young Navajo Physical Therapist;2020s;Gorgeous 24-year-old with waist-length wavy black hair, delicate features, healthcare professional style with turquoise;;elevenlabs;{};[];;"{""age"":24,""beauty"":""stunning"",""hair"":""waist-length wavy"",""tribe"":""Navajo""}";2025-12-02 04:36:58.946872+00;2025-12-02 05:55:04.881286+00;professional
e1dc0a85-7a39-4e19-bbe2-a684e352f895;Ituha;White Stone;CrystalSky;Ituha White Stone CrystalSky;Beautiful Young Lakota Geologist;2020s;Stunning 25-year-old with very long flowing wavy hair, pretty oval face, field scientist style with star patterns;;elevenlabs;{};[];;"{""age"":25,""beauty"":""enchanting"",""hair"":""very long flowing wavy"",""tribe"":""Lakota""}";2025-12-02 04:36:58.946872+00;2025-12-02 05:55:04.881286+00;professional
25e06214-65b0-4f8d-a72a-87a3748474e4;Kasa;Dressed in Furs;WinterFox;Kasa Dressed in Furs WinterFox;Beautiful Young Hopi Fashion Stylist;2020s;Beautiful 22-year-old with flowing wavy hair past shoulders, delicate facial structure, fashion industry style with pottery jewelry;;elevenlabs;{};[];;"{""age"":22,""beauty"":""striking"",""hair"":""flowing wavy long"",""tribe"":""Hopi""}";2025-12-02 04:36:58.946872+00;2025-12-02 05:55:04.881286+00;professional
0eef11a4-53f5-46d6-9a4f-72e08d8fc796;Leotie;Flower of the Prairie;BlossomCloud;Leotie Flower of the Prairie BlossomCloud;Beautiful Young Lakota Florist;2020s;Gorgeous 21-year-old with very long wavy black hair, pretty face, botanical artist style with traditional accessories;;elevenlabs;{};[];;"{""age"":21,""beauty"":""breathtaking"",""hair"":""very long wavy"",""tribe"":""Lakota""}";2025-12-02 04:36:58.946872+00;2025-12-02 05:55:04.881286+00;professional
ab4a9f6f-e100-4e7c-8cff-64ef8d9b6083;Muna;Overflowing Spring;ClearStream;Muna Overflowing Spring ClearStream;Beautiful Young Apache Hydrologist;2020s;Stunning 26-year-old with waist-length wavy hair, delicate features, water scientist style with silver jewelry;;elevenlabs;{};[];;"{""age"":26,""beauty"":""captivating"",""hair"":""waist-length wavy"",""tribe"":""Apache""}";2025-12-02 04:36:58.946872+00;2025-12-02 05:55:04.881286+00;professional
2faffa19-57c7-458a-8835-3552f435b42a;Nascha;Owl;WiseEyes;Nascha Owl WiseEyes;Beautiful Young Navajo Optometrist;2020s;Beautiful 25-year-old with very long flowing wavy hair, pretty face, eye care professional style with turquoise and silver;;elevenlabs;{};[];;"{""age"":25,""beauty"":""radiant"",""hair"":""very long flowing wavy"",""tribe"":""Navajo""}";2025-12-02 04:36:58.946872+00;2025-12-02 05:55:04.881286+00;professional
ef81a6f1-979a-4e17-9f41-cff1d6fb3448;Ogin;Wild Rose;RoseGarden;Ogin Wild Rose RoseGarden;Beautiful Young Lakota Landscape Architect;2020s;Gorgeous 24-year-old with flowing wavy black hair past waist, delicate facial structure, design professional style with beadwork;;elevenlabs;{};[];;"{""age"":24,""beauty"":""stunning"",""hair"":""flowing wavy past waist"",""tribe"":""Lakota""}";2025-12-02 04:36:58.946872+00;2025-12-02 05:55:04.881286+00;professional
28bd8867-3083-4bed-9c7b-f7a135486d43;Pakuna;Deer Jumping Downhill;SwiftGrace;Pakuna Deer Jumping Downhill SwiftGrace;Beautiful Young Cherokee Olympic Athlete;2020s;Stunning 20-year-old with very long wavy hair, pretty oval face, elite athlete style with ribbon work;;elevenlabs;{};[];;"{""age"":20,""beauty"":""enchanting"",""hair"":""very long wavy"",""tribe"":""Cherokee""}";2025-12-02 04:36:58.946872+00;2025-12-02 05:55:04.881286+00;professional
bd9d8486-fb51-4505-bb6c-6569336f11cd;Quanah;Fragrant;SweetGrass;Quanah Fragrant SweetGrass;Beautiful Young Comanche Aromatherapist;2020s;Beautiful 23-year-old with waist-length wavy black hair, delicate features, wellness professional style with traditional elements;;elevenlabs;{};[];;"{""age"":23,""beauty"":""striking"",""hair"":""waist-length wavy"",""tribe"":""Comanche""}";2025-12-02 04:36:58.946872+00;2025-12-02 05:55:04.881286+00;professional
dd8fd15b-615e-4294-9377-5c8f01e4ac63;Rozene;Rose;PinkDawn;Rozene Rose PinkDawn;Beautiful Young Lakota Cosmetologist;2020s;Gorgeous 22-year-old with very long flowing wavy hair, pretty face, beauty industry style with star quilt patterns;;elevenlabs;{};[];;"{""age"":22,""beauty"":""breathtaking"",""hair"":""very long flowing wavy"",""tribe"":""Lakota""}";2025-12-02 04:36:58.946872+00;2025-12-02 05:55:04.881286+00;professional
fca9ac1f-c103-4e62-8771-4d6eec0db862;Sakari;Sweet;HoneyBee;Sakari Sweet HoneyBee;Beautiful Young Crow Pastry Chef;2020s;Stunning 24-year-old with flowing wavy hair past shoulders, delicate facial structure, culinary artist style with traditional designs;;elevenlabs;{};[];;"{""age"":24,""beauty"":""captivating"",""hair"":""flowing wavy long"",""tribe"":""Crow""}";2025-12-02 04:36:58.946872+00;2025-12-02 05:55:04.881286+00;professional
3b44c315-9724-4ac5-87a6-208cc7bae379;Tadewi;Wind;StormBreeze;Tadewi Wind StormBreeze;Beautiful Young Lakota Wind Energy Engineer;2020s;Beautiful 27-year-old with very long wavy black hair, pretty face, renewable energy professional style with Native accessories;;elevenlabs;{};[];;"{""age"":27,""beauty"":""radiant"",""hair"":""very long wavy"",""tribe"":""Lakota""}";2025-12-02 04:36:58.946872+00;2025-12-02 05:55:04.881286+00;professional
a92235d5-46c9-4ef7-977f-7559e65d53d5;Una;Remember;MemoryKeeper;Una Remember MemoryKeeper;Beautiful Young Dakota Historian;2020s;Gorgeous 26-year-old with waist-length wavy hair, delicate features, academic researcher style with traditional elements;;elevenlabs;{};[];;"{""age"":26,""beauty"":""stunning"",""hair"":""waist-length wavy"",""tribe"":""Dakota""}";2025-12-02 04:36:58.946872+00;2025-12-02 05:55:04.881286+00;professional
01bae0cf-f529-4c3a-95fc-c983db87d2da;Waneta;Charger;LightningStrike;Waneta Charger LightningStrike;Beautiful Young Lakota Electrician;2020s;Stunning 23-year-old with very long flowing wavy hair, pretty oval face, trades professional style with beadwork;;elevenlabs;{};[];;"{""age"":23,""beauty"":""enchanting"",""hair"":""very long flowing wavy"",""tribe"":""Lakota""}";2025-12-02 04:36:58.946872+00;2025-12-02 05:55:04.881286+00;professional
b23756bf-af96-4a53-a445-9563e8d4b658;Xochil;Flower;SpringBloom;Xochil Flower SpringBloom;Beautiful Young Apache Horticulturist;2020s;Beautiful 25-year-old with flowing wavy black hair past waist, delicate facial structure, plant scientist style with silver;;elevenlabs;{};[];;"{""age"":25,""beauty"":""striking"",""hair"":""flowing wavy past waist"",""tribe"":""Apache""}";2025-12-02 04:36:58.946872+00;2025-12-02 05:55:04.881286+00;professional
24f9a5a1-1a8c-47c5-8df1-ffd48a0d58b3;Yenene;Shaman;SpiritHealer;Yenene Shaman SpiritHealer;Beautiful Young Navajo Holistic Medicine Practitioner;2020s;Gorgeous 28-year-old with very long wavy hair, pretty face, alternative medicine style with turquoise jewelry;;elevenlabs;{};[];;"{""age"":28,""beauty"":""breathtaking"",""hair"":""very long wavy"",""tribe"":""Navajo""}";2025-12-02 04:36:58.946872+00;2025-12-02 05:55:04.881286+00;professional
3558743e-2433-4cd2-a02a-592c6fb59a5b;Zihna;To Spin;ThreadWeaver;Zihna To Spin ThreadWeaver;Beautiful Young Cherokee Textile Designer;2020s;Stunning 24-year-old with waist-length wavy black hair, delicate features, fashion designer style with ribbon work;;elevenlabs;{};[];;"{""age"":24,""beauty"":""captivating"",""hair"":""waist-length wavy"",""tribe"":""Cherokee""}";2025-12-02 04:36:58.946872+00;2025-12-02 05:55:04.881286+00;professional
3c6b5fc7-e8cb-4e84-ba59-c4e5b20e4d76;Aiyana;Forever Flowering;EternalRose;Aiyana Forever Flowering EternalRose;Beautiful Young Lakota Perfumer;2020s;Beautiful 23-year-old with very long flowing wavy hair, pretty face, fragrance designer style with traditional accessories;;elevenlabs;{};[];;"{""age"":23,""beauty"":""radiant"",""hair"":""very long flowing wavy"",""tribe"":""Lakota""}";2025-12-02 04:36:58.946872+00;2025-12-02 05:55:04.881286+00;professional
cdfc53b2-d057-490f-b71a-53c6da78ee05;Bly;Tall;TallGrass;Bly Tall TallGrass;Beautiful Young Cheyenne Basketball Player;2020s;Gorgeous 21-year-old with flowing wavy hair past shoulders, delicate facial structure, professional athlete style with Native designs;;elevenlabs;{};[];;"{""age"":21,""beauty"":""stunning"",""hair"":""flowing wavy long"",""tribe"":""Cheyenne""}";2025-12-02 04:36:58.946872+00;2025-12-02 05:55:04.881286+00;professional
4613b0bc-463c-43a6-9cc5-4e7d7c8cdd03;Catori;Spirit;GhostDancer;Catori Spirit GhostDancer;Beautiful Young Hopi Spiritual Counselor;2020s;Stunning 26-year-old with very long wavy black hair, pretty oval face, wellness counselor style with pottery patterns;;elevenlabs;{};[];;"{""age"":26,""beauty"":""enchanting"",""hair"":""very long wavy"",""tribe"":""Hopi""}";2025-12-02 04:36:58.946872+00;2025-12-02 05:55:04.881286+00;professional
abfe8eb1-823f-410d-9720-2b641a7fa796;Dowanhowee;Singing Voice;SongBird;Dowanhowee Singing Voice SongBird;Beautiful Young Lakota Opera Singer;2020s;Beautiful 25-year-old with waist-length wavy hair, delicate features, classical musician style with star patterns;;elevenlabs;{};[];;"{""age"":25,""beauty"":""striking"",""hair"":""waist-length wavy"",""tribe"":""Lakota""}";2025-12-02 04:36:58.946872+00;2025-12-02 05:55:04.881286+00;professional
2adc1d9a-a069-4353-beef-2422de13c521;Enola;Solitary;LoneWolf;Enola Solitary LoneWolf;Beautiful Young Cherokee Park Ranger;2020s;Gorgeous 24-year-old with very long flowing wavy hair, pretty face, outdoor professional style with ribbon work;;elevenlabs;{};[];;"{""age"":24,""beauty"":""breathtaking"",""hair"":""very long flowing wavy"",""tribe"":""Cherokee""}";2025-12-02 04:36:58.946872+00;2025-12-02 05:55:04.881286+00;professional
e3f54cf0-ac81-47f5-89bb-b81d689b3ed2;Fala;Crow Woman;BlackBird;Fala Crow Woman BlackBird;Beautiful Young Navajo Avian Veterinarian;2020s;Stunning 27-year-old with flowing wavy black hair past waist, delicate facial structure, wildlife care style with turquoise;;elevenlabs;{};[];;"{""age"":27,""beauty"":""captivating"",""hair"":""flowing wavy past waist"",""tribe"":""Navajo""}";2025-12-02 04:36:58.946872+00;2025-12-02 05:55:04.881286+00;professional
4f3b52a3-880a-4499-90e1-7043a464ad67;Gaho;Mother;LifeGiver;Gaho Mother LifeGiver;Beautiful Young Lakota Midwife and Doula;2020s;Beautiful 29-year-old with very long wavy hair, pretty face, birthing professional style with traditional beadwork;;elevenlabs;{};[];;"{""age"":29,""beauty"":""radiant"",""hair"":""very long wavy"",""tribe"":""Lakota""}";2025-12-02 04:36:58.946872+00;2025-12-02 05:55:04.881286+00;professional
d7f81d5b-6eda-460b-8ade-6270b811abbd;Hachi;River;FlowingWaters;Hachi River FlowingWaters;Beautiful Young Apache River Guide;2020s;Gorgeous 22-year-old with waist-length wavy black hair, delicate features, outdoor adventure style with silver jewelry;;elevenlabs;{};[];;"{""age"":22,""beauty"":""stunning"",""hair"":""waist-length wavy"",""tribe"":""Apache""}";2025-12-02 04:36:58.946872+00;2025-12-02 05:55:04.881286+00;professional
76926709-7578-4175-9d73-5c3ff96e12c3;Imala;Strong Minded;IronWill;Imala Strong Minded IronWill;Beautiful Young Lakota Corporate CEO;2020s;Stunning 30-year-old with very long flowing wavy hair, pretty oval face, executive business style with Native pride;;elevenlabs;{};[];;"{""age"":30,""beauty"":""enchanting"",""hair"":""very long flowing wavy"",""tribe"":""Lakota""}";2025-12-02 04:36:58.946872+00;2025-12-02 05:55:04.881286+00;professional
833eec63-a62f-4411-b0cf-acf503dd5780;Jolena;Valley of Oak Trees;OakGrove;Jolena Valley of Oak Trees OakGrove;Beautiful Young Cherokee Real Estate Developer;2020s;Beautiful 28-year-old with flowing wavy hair past shoulders, delicate facial structure, business professional style with ribbon work;;elevenlabs;{};[];;"{""age"":28,""beauty"":""striking"",""hair"":""flowing wavy long"",""tribe"":""Cherokee""}";2025-12-02 04:36:58.946872+00;2025-12-02 05:55:04.881286+00;professional
eb6828db-a409-4027-9cd1-327e5fa71221;Kachada;White Man;BridgeBuilder;Kachada White Man BridgeBuilder;Beautiful Young Lakota Cultural Liaison;2020s;Gorgeous 25-year-old with very long wavy black hair, pretty face, diplomatic professional style with star patterns;;elevenlabs;{};[];;"{""age"":25,""beauty"":""breathtaking"",""hair"":""very long wavy"",""tribe"":""Lakota""}";2025-12-02 04:36:58.946872+00;2025-12-02 05:55:04.881286+00;professional
78072c61-a672-46af-afa7-76af77a8d51e;Litonya;Darting Hummingbird;QuickWing;Litonya Darting Hummingbird QuickWing;Beautiful Young Comanche Emergency Room Doctor;2020s;Stunning 29-year-old with waist-length wavy hair, delicate features, medical professional style with traditional elements;;elevenlabs;{};[];;"{""age"":29,""beauty"":""captivating"",""hair"":""waist-length wavy"",""tribe"":""Comanche""}";2025-12-02 04:36:58.946872+00;2025-12-02 05:55:04.881286+00;professional
ac2ebf1c-8f48-4cdf-85f1-3e34184829ed;Maka;Earth Mother;SoilScience;Maka Earth Mother SoilScience;Beautiful Young Lakota Agricultural Scientist;2020s;Beautiful 26-year-old with very long flowing wavy hair, pretty face, farming researcher style with beadwork;;elevenlabs;{};[];;"{""age"":26,""beauty"":""radiant"",""hair"":""very long flowing wavy"",""tribe"":""Lakota""}";2025-12-02 04:36:58.946872+00;2025-12-02 05:55:04.881286+00;professional
35bd7160-c25a-4f1c-9b25-5e21080fe357;Nidawi;Fairy Elf;MagicDancer;Nidawi Fairy Elf MagicDancer;Beautiful Young Crow Fantasy Novelist;2020s;Gorgeous 24-year-old with flowing wavy black hair past waist, delicate facial structure, creative writer style with elk teeth patterns;;elevenlabs;{};[];;"{""age"":24,""beauty"":""stunning"",""hair"":""flowing wavy past waist"",""tribe"":""Crow""}";2025-12-02 04:36:58.946872+00;2025-12-02 05:55:04.881286+00;professional
736f1063-86a1-4717-9eb9-614e15585186;Orenda;Magic Power;MysticSoul;Orenda Magic Power MysticSoul;Beautiful Young Navajo Quantum Physicist;2020s;Stunning 27-year-old with very long wavy hair, pretty oval face, scientific researcher style with turquoise jewelry;;elevenlabs;{};[];;"{""age"":27,""beauty"":""enchanting"",""hair"":""very long wavy"",""tribe"":""Navajo""}";2025-12-02 04:36:58.946872+00;2025-12-02 05:55:04.881286+00;professional
6b54bf2a-e511-4002-b09f-c368eb2a5574;Papina;Vine Growing on Oak;IvyWind;Papina Vine Growing on Oak IvyWind;Beautiful Young Cherokee Botanist;2020s;Beautiful 25-year-old with waist-length wavy black hair, delicate features, plant researcher style with ribbon work;;elevenlabs;{};[];;"{""age"":25,""beauty"":""striking"",""hair"":""waist-length wavy"",""tribe"":""Cherokee""}";2025-12-02 04:36:58.946872+00;2025-12-02 05:55:04.881286+00;professional
d2f660ce-64e1-44ad-b90c-28d7ea5644dd;Rayen;Flower;WildFlower;Rayen Flower WildFlower;Beautiful Young Apache Ethnobotanist;2020s;Gorgeous 26-year-old with very long flowing wavy hair, pretty face, field researcher style with silver accessories;;elevenlabs;{};[];;"{""age"":26,""beauty"":""breathtaking"",""hair"":""very long flowing wavy"",""tribe"":""Apache""}";2025-12-02 04:36:58.946872+00;2025-12-02 05:55:04.881286+00;professional
6a83a220-1067-47b6-b7ec-6405ab626800;Shada;Pelican;WaterBird;Shada Pelican WaterBird;Beautiful Young Lakota Marine Conservation Officer;2020s;Stunning 24-year-old with flowing wavy hair past shoulders, delicate facial structure, wildlife officer style with star patterns;;elevenlabs;{};[];;"{""age"":24,""beauty"":""captivating"",""hair"":""flowing wavy long"",""tribe"":""Lakota""}";2025-12-02 04:36:58.946872+00;2025-12-02 05:55:04.881286+00;professional
58bf85ee-549b-410f-9f1f-b57326e48593;Taima;Crash of Thunder;ThunderVoice;Taima Crash of Thunder ThunderVoice;Beautiful Young Cheyenne Sound Engineer;2020s;Beautiful 23-year-old with very long wavy black hair, pretty face, audio professional style with traditional beadwork;;elevenlabs;{};[];;"{""age"":23,""beauty"":""radiant"",""hair"":""very long wavy"",""tribe"":""Cheyenne""}";2025-12-02 04:36:58.946872+00;2025-12-02 05:55:04.881286+00;professional
8c53a1a4-3bbf-4cad-ac26-315f462f86cc;Urika;Useful;ServiceHeart;Urika Useful ServiceHeart;Beautiful Young Lakota Non-Profit Director;2020s;Gorgeous 28-year-old with waist-length wavy hair, delicate features, community organizer style with Native accessories;;elevenlabs;{};[];;"{""age"":28,""beauty"":""stunning"",""hair"":""waist-length wavy"",""tribe"":""Lakota""}";2025-12-02 04:36:58.946872+00;2025-12-02 05:55:04.881286+00;professional
b99ae7d2-291e-452d-a887-5e1ed1050201;Wakanda;Possesses Magical Power;MagicMaker;Wakanda Possesses Magical Power MagicMaker;Beautiful Young Dakota Special Effects Artist;2020s;Stunning 25-year-old with very long flowing wavy hair, pretty oval face, film industry style with traditional elements;;elevenlabs;{};[];;"{""age"":25,""beauty"":""enchanting"",""hair"":""very long flowing wavy"",""tribe"":""Dakota""}";2025-12-02 04:36:58.946872+00;2025-12-02 05:55:04.881286+00;professional
f05a5415-4b49-4782-89ee-178600b30623;Xalvadora;Wild One;FreeSpirit;Xalvadora Wild One FreeSpirit;Beautiful Young Navajo Adventure Travel Guide;2020s;Beautiful 24-year-old with flowing wavy black hair past waist, delicate facial structure, outdoor guide style with turquoise;;elevenlabs;{};[];;"{""age"":24,""beauty"":""striking"",""hair"":""flowing wavy past waist"",""tribe"":""Navajo""}";2025-12-02 04:36:58.946872+00;2025-12-02 05:55:04.881286+00;professional
5607ef35-2ec4-4d8d-bc42-549c87114ef8;Yepa;Snow Woman;WinterQueen;Yepa Snow Woman WinterQueen;Beautiful Young Blackfeet Glaciologist;2020s;Gorgeous 27-year-old with very long wavy hair, pretty face, ice scientist style with geometric patterns;;elevenlabs;{};[];;"{""age"":27,""beauty"":""breathtaking"",""hair"":""very long wavy"",""tribe"":""Blackfeet""}";2025-12-02 04:36:58.946872+00;2025-12-02 05:55:04.881286+00;professional
14e1e656-abb4-4ad9-9a7a-f113938dbe95;Zaltana;High Mountain;PeakClimber;Zaltana High Mountain PeakClimber;Beautiful Young Apache Mountain Rescue Specialist;2020s;Stunning 26-year-old with waist-length wavy black hair, delicate features, rescue professional style with silver jewelry;;elevenlabs;{};[];;"{""age"":26,""beauty"":""captivating"",""hair"":""waist-length wavy"",""tribe"":""Apache""}";2025-12-02 04:36:58.946872+00;2025-12-02 05:55:04.881286+00;professional
76b632b6-4123-447f-b858-ac23647b6000;Adsila;Blossom;CherryBlossom;Adsila Blossom CherryBlossom;Beautiful Young Cherokee Sushi Chef;2020s;Beautiful 25-year-old with very long flowing wavy hair, pretty face, culinary artist style with ribbon work fusion;;elevenlabs;{};[];;"{""age"":25,""beauty"":""radiant"",""hair"":""very long flowing wavy"",""tribe"":""Cherokee""}";2025-12-02 04:36:58.946872+00;2025-12-02 05:55:04.881286+00;professional
533a7740-e5dc-485b-880c-e7b7c8f87e05;Bena;Pheasant;GameBird;Bena Pheasant GameBird;Beautiful Young Lakota Wildlife Photographer;2020s;Gorgeous 23-year-old with flowing wavy hair past shoulders, delicate facial structure, nature photographer style with beadwork;;elevenlabs;{};[];;"{""age"":23,""beauty"":""stunning"",""hair"":""flowing wavy long"",""tribe"":""Lakota""}";2025-12-02 04:36:58.946872+00;2025-12-02 05:55:04.881286+00;professional
6c9597c6-dcc0-4ef5-a2ed-42e4f556beb4;Cholena;Bird;SkyFlyer;Cholena Bird SkyFlyer;Beautiful Young Navajo Commercial Pilot;2020s;Stunning 28-year-old with very long wavy black hair, pretty oval face, aviation professional style with turquoise;;elevenlabs;{};[];;"{""age"":28,""beauty"":""enchanting"",""hair"":""very long wavy"",""tribe"":""Navajo""}";2025-12-02 04:36:58.946872+00;2025-12-02 05:55:04.881286+00;professional
a669d0aa-d07f-420f-b689-df8c531e3ed1;Donoma;Sight of the Sun;SunGazer;Donoma Sight of the Sun SunGazer;Beautiful Young Hopi Solar Energy Engineer;2020s;Beautiful 26-year-old with waist-length wavy hair, delicate features, renewable energy style with pottery designs;;elevenlabs;{};[];;"{""age"":26,""beauty"":""striking"",""hair"":""waist-length wavy"",""tribe"":""Hopi""}";2025-12-02 04:36:58.946872+00;2025-12-02 05:55:04.881286+00;professional
54b8e6fe-606e-4c23-ab48-09a704637c8d;Etenia;Rich;GoldenSpirit;Etenia Rich GoldenSpirit;Beautiful Young Lakota Investment Banker;2020s;Gorgeous 29-year-old with very long flowing wavy hair, pretty face, financial professional style with star patterns;;elevenlabs;{};[];;"{""age"":29,""beauty"":""breathtaking"",""hair"":""very long flowing wavy"",""tribe"":""Lakota""}";2025-12-02 04:36:58.946872+00;2025-12-02 05:55:04.881286+00;professional
d8003295-d040-4a1d-9ac1-bcdf09c00345;Fayola;Walk with Honor;ProudPath;Fayola Walk with Honor ProudPath;Beautiful Young Cherokee Judge;2020s;Stunning 32-year-old with flowing wavy black hair past waist, delicate facial structure, judicial professional style with ribbon work;;elevenlabs;{};[];;"{""age"":32,""beauty"":""captivating"",""hair"":""flowing wavy past waist"",""tribe"":""Cherokee""}";2025-12-02 04:36:58.946872+00;2025-12-02 05:55:04.881286+00;professional
3616d732-ea17-4834-9a66-4b7959ebd4ce;Genesee;Beautiful Valley;ValleyGem;Genesee Beautiful Valley ValleyGem;Beautiful Young Seneca Environmental Lawyer;2020s;Beautiful 30-year-old with very long wavy hair, pretty face, legal professional style with traditional wampum patterns;;elevenlabs;{};[];;"{""age"":30,""beauty"":""radiant"",""hair"":""very long wavy"",""tribe"":""Seneca""}";2025-12-02 04:36:58.946872+00;2025-12-02 05:55:04.881286+00;professional
1b1d9cdf-5343-432c-ac70-bab17b3030f1;Haloke;Salmon;SilverFish;Haloke Salmon SilverFish;Beautiful Young Nez Perce Fisheries Biologist;2020s;Gorgeous 25-year-old with waist-length wavy black hair, delicate features, aquatic scientist style with shell jewelry;;elevenlabs;{};[];;"{""age"":25,""beauty"":""stunning"",""hair"":""waist-length wavy"",""tribe"":""Nez Perce""}";2025-12-02 04:36:58.946872+00;2025-12-02 05:55:04.881286+00;professional
4a062b84-ee05-4440-9c42-3cb55314bf40;Ituha;Sturdy Oak;OakStrength;Ituha Sturdy Oak OakStrength;Beautiful Young Cherokee Construction Manager;2020s;Stunning 27-year-old with very long flowing wavy hair, pretty oval face, construction professional style with ribbon work;;elevenlabs;{};[];;"{""age"":27,""beauty"":""enchanting"",""hair"":""very long flowing wavy"",""tribe"":""Cherokee""}";2025-12-02 04:36:58.946872+00;2025-12-02 05:55:04.881286+00;professional
e79a7f25-6409-43a5-8b1b-fe935579b0a4;Jacy;Moon;MoonBeam;Jacy Moon MoonBeam;Beautiful Young Lakota Astronaut Candidate;2020s;Beautiful 26-year-old with flowing wavy hair past shoulders, delicate facial structure, space program style with star patterns;;elevenlabs;{};[];;"{""age"":26,""beauty"":""striking"",""hair"":""flowing wavy long"",""tribe"":""Lakota""}";2025-12-02 04:36:58.946872+00;2025-12-02 05:55:04.881286+00;professional
450e82e0-9717-486a-9e7d-4c290c4f6e86;Kai;Willow Tree;WillowGrace;Kai Willow Tree WillowGrace;Beautiful Young Navajo Yoga Instructor;2020s;Gorgeous 24-year-old with very long wavy black hair, pretty face, wellness professional style with turquoise jewelry;;elevenlabs;{};[];;"{""age"":24,""beauty"":""breathtaking"",""hair"":""very long wavy"",""tribe"":""Navajo""}";2025-12-02 04:36:58.946872+00;2025-12-02 05:55:04.881286+00;professional
1bfebf4e-2575-46cc-9fbc-2bf8fc94a1f8;Kiona;Brown Hills;EarthTone;Kiona Brown Hills EarthTone;Beautiful Young Apache Geographer;2020s;Stunning 25-year-old with waist-length wavy hair, delicate features, mapping professional style with silver accessories;;elevenlabs;{};[];;"{""age"":25,""beauty"":""captivating"",""hair"":""waist-length wavy"",""tribe"":""Apache""}";2025-12-02 04:36:58.946872+00;2025-12-02 05:55:04.881286+00;professional
e93031b1-05ce-4999-89ab-96ce32d8a7a2;Lulu;Rabbit;QuickFoot;Lulu Rabbit QuickFoot;Beautiful Young Lakota Track and Field Champion;2020s;Beautiful 20-year-old with very long flowing wavy hair, pretty face, elite athlete style with traditional beadwork;;elevenlabs;{};[];;"{""age"":20,""beauty"":""radiant"",""hair"":""very long flowing wavy"",""tribe"":""Lakota""}";2025-12-02 04:36:58.946872+00;2025-12-02 05:55:04.881286+00;professional
e363d035-26f6-44f2-9868-fc5fca79bebe;Mitena;Coming Moon;MoonRiser;Mitena Coming Moon MoonRiser;Beautiful Young Crow Astrophysicist;2020s;Gorgeous 28-year-old with flowing wavy black hair past waist, delicate facial structure, space scientist style with elk teeth patterns;;elevenlabs;{};[];;"{""age"":28,""beauty"":""stunning"",""hair"":""flowing wavy past waist"",""tribe"":""Crow""}";2025-12-02 04:36:58.946872+00;2025-12-02 05:55:04.881286+00;professional
e597cd1f-5739-427d-bf2e-34584a5fc5a2;Nita;Bear;BearHeart;Nita Bear BearHeart;Beautiful Young Comanche Wildlife Rehabilitator;2020s;Stunning 26-year-old with very long wavy hair, pretty oval face, animal care style with traditional elements;;elevenlabs;{};[];;"{""age"":26,""beauty"":""enchanting"",""hair"":""very long wavy"",""tribe"":""Comanche""}";2025-12-02 04:36:58.946872+00;2025-12-02 05:55:04.881286+00;professional
790c26cf-e085-4496-b4ec-944d75981be2;Olathe;Beautiful;BeautyQueen;Olathe Beautiful BeautyQueen;Beautiful Young Lakota Miss Indian America;2020s;Beautiful 21-year-old with waist-length wavy black hair, delicate features, pageant winner style with elaborate regalia;;elevenlabs;{};[];;"{""age"":21,""beauty"":""striking"",""hair"":""waist-length wavy"",""tribe"":""Lakota""}";2025-12-02 04:36:58.946872+00;2025-12-02 05:55:04.881286+00;professional
771c1c29-b6d8-44fc-9921-0d9020da31a6;Pules;Pigeon;DoveSong;Pules Pigeon DoveSong;Beautiful Young Hopi Peace Activist;2020s;Gorgeous 27-year-old with very long flowing wavy hair, pretty face, activist style with pottery jewelry;;elevenlabs;{};[];;"{""age"":27,""beauty"":""breathtaking"",""hair"":""very long flowing wavy"",""tribe"":""Hopi""}";2025-12-02 04:36:58.946872+00;2025-12-02 05:55:04.881286+00;professional
e50b0221-7c73-4b19-a279-ed4a89faa532;Zara;;Redhawk;Zara Redhawk;Social Media Influencer;2020s;LA-based fashion influencer with 2M followers, known for stunning crop tops and high-waisted designer jeans. Beautiful long flowing black hair, piercing dark eyes.;;elevenlabs;{};"[""Lakota"",""Modern""]";;"{""age"":22,""outfit"":""Crop top, designer jeans""}";2025-12-02 04:51:04.670727+00;2025-12-02 05:55:04.881286+00;professional
231a61f9-da9e-4473-b46d-8b4ad3353613;Skye;;Brightwater;Skye Brightwater;Instagram Model;2020s;NYC fashion model known for bodycon dresses and street style. Waist-length hair with highlights, sultry eyes, and perfect curves make her a top influencer.;;elevenlabs;{};"[""Cherokee"",""Modern""]";;"{""age"":21,""outfit"":""Bodycon dress, thigh-high boots""}";2025-12-02 04:51:04.670727+00;2025-12-02 05:55:04.881286+00;professional
9ab18246-6ba3-4b35-a877-834c338724ef;Luna;;Silverstone;Luna Silverstone;TikTok Creator;2020s;Miami content creator who rocks bikinis and club wear. Beach waves, sun-kissed skin, and athletic build define her tropical lifestyle aesthetic perfectly.;;elevenlabs;{};"[""Apache"",""Modern""]";;"{""age"":20,""outfit"":""Bikini top, jean shorts""}";2025-12-02 04:51:04.670727+00;2025-12-02 05:55:04.881286+00;professional
ed222aa9-8006-4197-8ca6-2fa829792a71;Dakota;;Wildfire;Dakota Wildfire;Fitness Influencer;2020s;LA fitness model showcasing athletic wear and yoga pants. Toned physique, long ponytail, and radiant smile inspire millions to live healthy active lives.;;elevenlabs;{};"[""Navajo"",""Modern""]";;"{""age"":23,""outfit"":""Sports bra, leggings""}";2025-12-02 04:51:04.670727+00;2025-12-02 05:55:04.881286+00;professional
87246b94-2682-409a-a5e7-d764c29b5914;Raven;;Nightshade;Raven Nightshade;Fashion Blogger;2020s;Seattle street style icon in grunge-chic outfits. Edgy layered hair, smoky eyes, and alternative beauty define her Pacific Northwest urban fashion aesthetic.;;elevenlabs;{};"[""Cheyenne"",""Modern""]";;"{""age"":24,""outfit"":""Band tee, mini skirt, combat boots""}";2025-12-02 04:51:04.670727+00;2025-12-02 05:55:04.881286+00;professional
b251c5cc-58eb-4bd3-8037-997835af35c5;Aria;;Moonshadow;Aria Moonshadow;Festival Queen;2020s;Coachella regular known for boho-sexy festival looks. Flower crown, glitter makeup, and flowing hair make her the ultimate music festival fashion icon always.;;elevenlabs;{};"[""Comanche"",""Modern""]";;"{""age"":22,""outfit"":""Crochet crop, cutoffs, fringe boots""}";2025-12-02 04:51:04.670727+00;2025-12-02 05:55:04.881286+00;professional
b43be2ca-1e38-4ef8-8cf7-70593280b01b;Phoenix;;Stormcloud;Phoenix Stormcloud;Club Promoter;2020s;Vegas nightlife icon in glamorous club wear. Sleek hair, dramatic makeup, and model features dominate the Las Vegas party scene with pure elegance and style.;;elevenlabs;{};"[""Crow"",""Modern""]";;"{""age"":21,""outfit"":""Sequined mini, stilettos""}";2025-12-02 04:51:04.670727+00;2025-12-02 05:55:04.881286+00;professional
66f9038d-5c0c-4e5d-bebc-d2944508b5de;Jade;;Riverstone;Jade Riverstone;Boutique Owner;2020s;Austin fashion entrepreneur showcasing trendy pieces. Bohemian waves, natural beauty, and confident stance run her successful downtown clothing boutique perfectly.;;elevenlabs;{};"[""Blackfeet"",""Modern""]";;"{""age"":25,""outfit"":""Off-shoulder romper, ankle boots""}";2025-12-02 04:51:04.670727+00;2025-12-02 05:55:04.881286+00;professional
9d07175f-4f7a-433d-bf22-08ab1f609b0f;Sienna;;Firebird;Sienna Firebird;Brand Ambassador;2010s;Early Instagram era fashion pioneer with glossy hair and dewy makeup. Influencer aesthetic defined the 2010s social media fashion movement for millions worldwide.;;elevenlabs;{};"[""Lakota"",""Modern""]";;"{""age"":24,""outfit"":""Bandage dress, nude heels""}";2025-12-02 04:51:04.670727+00;2025-12-02 05:55:04.881286+00;professional
b384a214-871a-4147-b5a5-97094dd1a573;Nova;;Eagleheart;Nova Eagleheart;Lifestyle Vlogger;2020s;Dallas creator mixing Western and modern styles. Long layered hair, sun-kissed glow showcase her unique blend of cowgirl meets contemporary fashion trends perfectly.;;elevenlabs;{};"[""Cherokee"",""Modern""]";;"{""age"":20,""outfit"":""Crop tee, mini skirt, cowboy boots""}";2025-12-02 04:51:04.670727+00;2025-12-02 05:55:04.881286+00;professional
8d0b8cac-bdbe-4b93-a2d8-a6d9ebd93eee;Ember;;Sunrise;Ember Sunrise;Beach Volleyball Pro;2020s;Santa Monica athlete in swimwear and activewear. Athletic curves, beach hair, and natural tan make her a professional sports icon on the California coast always.;;elevenlabs;{};"[""Apache"",""Modern""]";;"{""age"":22,""outfit"":""Sport bikini, board shorts""}";2025-12-02 04:51:04.670727+00;2025-12-02 05:55:04.881286+00;professional
75bd6a9b-f057-43f5-bd9a-e3c18d75fa67;Ivy;;Blackstone;Ivy Blackstone;College Scene;2010s;Arizona State student known for nightlife fashion. Long straight hair and party makeup define her college party scene style that others try to emulate constantly.;;elevenlabs;{};"[""Navajo"",""Modern""]";;"{""age"":21,""outfit"":""Tube top, leather pants, heels""}";2025-12-02 04:51:04.670727+00;2025-12-02 05:55:04.881286+00;professional
861345f1-b562-4eb3-ad06-63992bdf16ac;Maya;;Windchaser;Maya Windchaser;Dance Crew;2020s;LA hip-hop dancer in urban streetwear. High ponytail, bold makeup, and dancer physique make her a standout member of the citys top hip-hop dance crews.;;elevenlabs;{};"[""Cheyenne"",""Modern""]";;"{""age"":19,""outfit"":""Sports bra, cargo pants, sneakers""}";2025-12-02 04:51:04.670727+00;2025-12-02 05:55:04.881286+00;professional
b22e6bf7-cb36-4254-9b8e-32af1c1bbdad;Celeste;;Morningstar;Celeste Morningstar;Swimsuit Model;2020s;Miami Beach model for swimwear brands. Long flowing hair, bronze skin, and hourglass figure grace the pages of top swimsuit catalogs and fashion magazines always.;;elevenlabs;{};"[""Comanche"",""Modern""]";;"{""age"":23,""outfit"":""Triangle bikini, sarong""}";2025-12-02 04:51:04.670727+00;2025-12-02 05:55:04.881286+00;professional
31a098dc-c13e-4d33-9cc3-639e9f6b543a;Scarlett;;Thunderhawk;Scarlett Thunderhawk;Festival Dancer;2020s;Rave scene icon in neon and body paint. Braided hair, glowing makeup, and free spirit energy define her electric dance music festival lifestyle and aesthetic.;;elevenlabs;{};"[""Crow"",""Modern""]";;"{""age"":20,""outfit"":""Neon bralette, holographic shorts""}";2025-12-02 04:51:04.670727+00;2025-12-02 05:55:04.881286+00;professional
33d34f77-05bc-4f84-8131-d7b916f0cff7;Aurora;;Nightwind;Aurora Nightwind;Sorority President;2010s;Southern belle at Ole Miss in preppy-sexy style. Perfectly styled hair, southern charm, and bright smile lead her sorority with grace and traditional elegance.;;elevenlabs;{};"[""Blackfeet"",""Modern""]";;"{""age"":22,""outfit"":""Sundress, wedges, pearls""}";2025-12-02 04:51:04.670727+00;2025-12-02 05:55:04.881286+00;professional
d922b98e-85e1-4125-9cff-21fd8383752b;Willow;;Starlight;Willow Starlight;Video Model;2000s;Early 2000s hip-hop video model with long hair and glamorous makeup. Video girl aesthetic defined the era of music television and urban fashion culture worldwide.;;elevenlabs;{};"[""Lakota"",""Modern""]";;"{""age"":24,""outfit"":""Low-rise jeans, halter, belly chain""}";2025-12-02 04:51:04.670727+00;2025-12-02 05:55:04.881286+00;professional
03d8873b-2b4a-4397-ba43-cf6270ba1309;Indigo;;Skydancer;Indigo Skydancer;Yoga Instructor;2020s;Santa Monica wellness influencer in athleisure. Natural beauty, toned body, and peaceful aura inspire thousands through yoga practice and mindful living teachings daily.;;elevenlabs;{};"[""Cherokee"",""Modern""]";;"{""age"":26,""outfit"":""Sports bra, printed leggings""}";2025-12-02 04:51:04.670727+00;2025-12-02 05:55:04.881286+00;professional
fbe1ab96-9de6-4a88-9aa4-41e94b4e04ff;Sage;;Redfeather;Sage Redfeather;Country Fan;2010s;Nashville scene regular mixing country-chic style. Long curled hair and natural makeup embody the perfect blend of country music culture and modern southern fashion.;;elevenlabs;{};"[""Apache"",""Modern""]";;"{""age"":23,""outfit"":""Crop flannel, cutoffs, cowboy boots""}";2025-12-02 04:51:04.670727+00;2025-12-02 05:55:04.881286+00;professional
abe37707-8c9e-4d25-98c5-6318fb3e5eb5;Crystal;;Wintersky;Crystal Wintersky;Ski Model;2020s;Aspen ski resort fashionista with glossy hair and rosy cheeks. Mountain beauty showcases luxury winter fashion on the slopes of Americas most exclusive ski resorts.;;elevenlabs;{};"[""Navajo"",""Modern""]";;"{""age"":21,""outfit"":""Ski jacket, leggings, fur boots""}";2025-12-02 04:51:04.670727+00;2025-12-02 05:55:04.881286+00;professional
35e8e136-a733-4bd6-b6c0-1850bcf768dc;Serenity;;Moonbeam;Serenity Moonbeam;Beach Babe;2020s;California surfer girl lifestyle with sun-bleached hair and freckles. Athletic surfer body catches waves and hearts along the iconic Pacific coast beaches daily.;;elevenlabs;{};"[""Cheyenne"",""Modern""]";;"{""age"":19,""outfit"":""Bikini top, board shorts""}";2025-12-02 04:51:04.670727+00;2025-12-02 05:55:04.881286+00;professional
6049945e-21ef-4aa5-9787-b4e6e8b4700f;Harmony;;Rainwater;Harmony Rainwater;Spring Break;2010s;Panama City Beach party scene icon with beach waves and party energy. Tanned skin and carefree attitude defined spring break culture for college students nationwide.;;elevenlabs;{};"[""Comanche"",""Modern""]";;"{""age"":20,""outfit"":""Bandeau bikini, mesh coverup""}";2025-12-02 04:51:04.670727+00;2025-12-02 05:55:04.881286+00;professional
89f859f6-f88e-41e4-a795-52d35f25c6cc;Destiny;;Firecloud;Destiny Firecloud;Vegas Showgirl;2020s;Las Vegas entertainer in glamorous costumes with stage makeup and perfect body. Showgirl glamour lights up the famous Vegas strip shows every single night.;;elevenlabs;{};"[""Crow"",""Modern""]";;"{""age"":25,""outfit"":""Sequined bodysuit, headdress""}";2025-12-02 04:51:04.670727+00;2025-12-02 05:55:04.881286+00;professional
d7f47390-cd8b-4fe1-9373-ac0a8135a13b;Blaze;;Summerstorm;Blaze Summerstorm;Motorcycle Babe;2010s;Sturgis Rally regular in biker chic with long hair and rebel beauty. Leather jacket aesthetic dominates the motorcycle rally scene across America every summer season.;;elevenlabs;{};"[""Blackfeet"",""Modern""]";;"{""age"":26,""outfit"":""Leather jacket, ripped jeans""}";2025-12-02 04:51:04.670727+00;2025-12-02 05:55:04.881286+00;professional
113907e9-f321-407f-b19e-1a089e74ac65;Sapphire;;Bluewing;Sapphire Bluewing;Pool Party Host;2020s;Arizona resort pool party queen with wet hair look and bronzed skin. Designer bikinis and party-ready attitude make every poolside gathering an unforgettable event.;;elevenlabs;{};"[""Lakota"",""Modern""]";;"{""age"":22,""outfit"":""Designer bikini, sarong, hat""}";2025-12-02 04:51:04.670727+00;2025-12-02 05:55:04.881286+00;professional
5b65729e-1242-4c2b-bb9e-0d04bed87faf;Ruby;;Redwolf;Ruby Redwolf;Festival Circuit;2020s;Burning Man to Coachella fashionista with body paint and bohemian beauty. Free spirit travels the festival circuit showcasing unique artistic fashion statements always.;;elevenlabs;{};"[""Cherokee"",""Modern""]";;"{""age"":21,""outfit"":""Crochet bralette, flowy pants""}";2025-12-02 04:51:04.670727+00;2025-12-02 05:55:04.881286+00;professional
91511bff-10ad-496f-8a04-3791b1afcd6f;Diamond;;Clearwater;Diamond Clearwater;Bottle Service;2010s;Miami nightclub VIP hostess with sleek ponytail and glamorous makeup. Model figure and sophisticated style serve the most exclusive clubs in South Beach nightly.;;elevenlabs;{};"[""Apache"",""Modern""]";;"{""age"":23,""outfit"":""Bodycon mini, stilettos""}";2025-12-02 04:51:04.670727+00;2025-12-02 05:55:04.881286+00;professional
adb5f62c-ab70-4c84-a65c-3db5bf2cf6fd;Misty;;Dawnlight;Misty Dawnlight;Brunch Scene;2020s;NYC brunch scene style icon with trendy hairstyle and Instagram-ready makeup. Fashionable outfits dominate the Manhattan brunch spots every weekend without fail.;;elevenlabs;{};"[""Navajo"",""Modern""]";;"{""age"":24,""outfit"":""Slip dress, denim jacket""}";2025-12-02 04:51:04.670727+00;2025-12-02 05:55:04.881286+00;professional
f2e0b490-2024-44f4-bdc0-43330a503bbf;Kira;;Shadowhunter;Kira Shadowhunter;Cosplay Model;2020s;Comic Con cosplay model with costume makeup and character beauty. Geeky-chic aesthetic brings fantasy characters to life at conventions across the nation regularly.;;elevenlabs;{};"[""Cheyenne"",""Modern""]";;"{""age"":20,""outfit"":""Sexy cosplay, character wig""}";2025-12-02 04:51:04.670727+00;2025-12-02 05:55:04.881286+00;professional
45233dfe-7dc0-4d42-a177-45dabbcd5de0;Opal;;Riverbend;Opal Riverbend;Nightlife Scene;2010s;Urban nightlife scene fashionista with long dark hair and sultry makeup. Sophisticated club style defines the after-hours urban party culture in major cities nationwide.;;elevenlabs;{};"[""Comanche"",""Modern""]";;"{""age"":22,""outfit"":""Crop sweater, jeans, boots""}";2025-12-02 04:51:04.670727+00;2025-12-02 05:55:04.881286+00;professional
8a1eaee1-3e5d-482b-9e92-8437f88eff30;Luna;;Starheart;Luna Starheart;Rave Princess;2000s;Early 2000s rave scene icon with candy bracelets and glitter makeup. Y2K aesthetic and PLUR vibes defined underground electronic music culture for a generation.;;elevenlabs;{};"[""Crow"",""Modern""]";;"{""age"":21,""outfit"":""Furry bra, cargo pants""}";2025-12-02 04:51:04.670727+00;2025-12-02 05:55:04.881286+00;professional
33c59ce5-fc6b-4928-a3b8-a9d5c3669365;Jade;;Wildhorse;Jade Wildhorse;Rodeo Queen;2020s;Texas rodeo circuit beauty queen with pageant hair and southern beauty. Rhinestone western wear and crown-worthy smile represent rodeo culture with pride and grace.;;elevenlabs;{};"[""Blackfeet"",""Modern""]";;"{""age"":19,""outfit"":""Rhinestone shirt, jeans, boots""}";2025-12-02 04:51:04.670727+00;2025-12-02 05:55:04.881286+00;professional
f4ece53b-d24c-4584-a1f7-60fb0c453a7f;Storm;;Blackhawk;Storm Blackhawk;Gym Influencer;2020s;LA fitness model with sponsorships showcasing sculpted body and athletic beauty. Gym-ready physique and workout fashion inspire millions to achieve their fitness goals.;;elevenlabs;{};"[""Lakota"",""Modern""]";;"{""age"":25,""outfit"":""Sports bra, booty shorts""}";2025-12-02 04:51:04.670727+00;2025-12-02 05:55:04.881286+00;professional
32a23cf5-4afa-4b7e-9643-090803ac63cf;Rain;;Thunderbird;Rain Thunderbird;Cheerleader;2010s;University cheerleader in game day attire with high ponytail and peppy beauty. Athletic spirit and coordinated routines energize crowds at every home game proudly.;;elevenlabs;{};"[""Cherokee"",""Modern""]";;"{""age"":20,""outfit"":""Cheer crop, pleated skirt""}";2025-12-02 04:51:04.670727+00;2025-12-02 05:55:04.881286+00;professional
d26dc933-36ff-466f-9560-1abf139f9706;Sky;;Morningdove;Sky Morningdove;Volleyball Player;2020s;Pro beach volleyball circuit athlete with athletic build and sun-kissed skin. Competitive edge and sport bikinis dominate professional volleyball tournaments on sandy courts.;;elevenlabs;{};"[""Apache"",""Modern""]";;"{""age"":23,""outfit"":""Sport bikini, visor""}";2025-12-02 04:51:04.670727+00;2025-12-02 05:55:04.881286+00;professional
328b9536-f005-4bc4-8c20-af33d1251e71;River;;Softwind;River Softwind;Festival Vendor;2010s;Festival circuit jewelry seller with bohemian goddess natural beauty. Free spirit and handmade jewelry create unique shopping experiences at outdoor music festivals constantly.;;elevenlabs;{};"[""Navajo"",""Modern""]";;"{""age"":26,""outfit"":""Crochet halter, maxi skirt""}";2025-12-02 04:51:04.670727+00;2025-12-02 05:55:04.881286+00;professional
af79f0a7-ef0f-4f3c-b519-03f068f609e5;Star;;Nightwalker;Star Nightwalker;Yacht Regular;2020s;Miami yacht party scene staple with yacht-ready glamour and luxury lifestyle. Designer swimwear and champagne toast the good life on expensive boats in Biscayne Bay.;;elevenlabs;{};"[""Cheyenne"",""Modern""]";;"{""age"":22,""outfit"":""White bikini, sheer coverup""}";2025-12-02 04:51:04.670727+00;2025-12-02 05:55:04.881286+00;professional
88232b49-1f55-4c15-a77c-af417506e247;Dawn;;Quicksilver;Dawn Quicksilver;Urban Explorer;2020s;NYC rooftop party fashionista with edgy city style and urban beauty. Leather and denim define the downtown Manhattan nightlife scene on trendy rooftop venues nightly.;;elevenlabs;{};"[""Comanche"",""Modern""]";;"{""age"":21,""outfit"":""Leather crop, jeans, boots""}";2025-12-02 04:51:04.670727+00;2025-12-02 05:55:04.881286+00;professional
3095e374-f0f8-4418-8de6-7fdd9e6c54a1;Bliss;;Raindancer;Bliss Raindancer;Resort Model;2020s;Hawaii resort swimwear model with island beauty and tropical glow. String bikinis and flower leis showcase paradise lifestyle at luxury Hawaiian resort properties always.;;elevenlabs;{};"[""Crow"",""Modern""]";;"{""age"":19,""outfit"":""String bikini, flower lei""}";2025-12-02 04:51:04.670727+00;2025-12-02 05:55:04.881286+00;professional
707ed8ae-ba87-4c05-bd4f-8d9a9498eaf9;Angel;;Skywalker;Angel Skywalker;Lingerie Model;2020s;Instagram lingerie brand ambassador with perfect curves and sultry beauty. Lace and silk lingerie photography defines modern intimate apparel marketing campaigns globally.;;elevenlabs;{};"[""Blackfeet"",""Modern""]";;"{""age"":24,""outfit"":""Lace lingerie, silk robe""}";2025-12-02 04:51:04.670727+00;2025-12-02 05:55:04.881286+00;professional
1097a533-a3f3-4628-b56e-057228aea040;Summer;;Goldenheart;Summer Goldenheart;Beach Blogger;2020s;Southern California beach lifestyle blogger with sun-lightened hair and beach glow. Crochet bikinis and coastal vibes inspire beachside living for followers worldwide daily.;;elevenlabs;{};"[""Lakota"",""Modern""]";;"{""age"":20,""outfit"":""Crochet bikini, cutoffs""}";2025-12-02 04:51:04.670727+00;2025-12-02 05:55:04.881286+00;professional
3e95fa58-3f1c-4c3e-9c8d-35cb349c8a82;Autumn;;Redsky;Autumn Redsky;Fashion Stylist;2020s;NYC personal stylist with trendy blazer and skinny jeans defining modern metropolitan fashion. Professional wardrobe consultant for celebrities and fashion-forward clients.;;elevenlabs;{};"[""Cherokee"",""Modern""]";;"{""age"":25,""outfit"":""Blazer, skinny jeans""}";2025-12-02 04:52:55.920002+00;2025-12-02 05:55:04.881286+00;professional
f70af029-945e-49f4-952b-e69595fe272c;Winter;;Snowfall;Winter Snowfall;Boutique Model;2020s;Denver fashion boutique model in designer outfits and heeled boots. Mountain city sophistication meets runway fashion in exclusive Colorado fashion scene showrooms.;;elevenlabs;{};"[""Apache"",""Modern""]";;"{""age"":22,""outfit"":""Designer outfit, heeled boots""}";2025-12-02 04:52:55.920002+00;2025-12-02 05:55:04.881286+00;professional
2cfe12e7-d755-4c6c-8969-f890bb08299a;Spring;;Blossom;Spring Blossom;Event Coordinator;2020s;LA event planner in cocktail dresses and heels organizing celebrity parties. Elegant coordination and fashion-forward style create unforgettable high-end social gatherings.;;elevenlabs;{};"[""Navajo"",""Modern""]";;"{""age"":26,""outfit"":""Cocktail dress, heels""}";2025-12-02 04:52:55.920002+00;2025-12-02 05:55:04.881286+00;professional
2bcc92db-96eb-4cb0-831d-60dc5c08c207;Meadow;;Greenleaf;Meadow Greenleaf;Eco Influencer;2020s;Portland sustainable fashion advocate in eco-friendly outfits and sandals. Green lifestyle and conscious clothing choices inspire environmental awareness through fashion daily.;;elevenlabs;{};"[""Cheyenne"",""Modern""]";;"{""age"":23,""outfit"":""Eco-friendly outfit, sandals""}";2025-12-02 04:52:55.920002+00;2025-12-02 05:55:04.881286+00;professional
b910e0de-f47d-4d28-be5c-7b46a09f2bf4;Ocean;;Wavecrest;Ocean Wavecrest;Surf Model;2020s;Hawaii surf competition model in surf bikinis and wetsuits. Athletic surfing prowess and beachwear modeling dominate professional Hawaiian surfing circuit competitions.;;elevenlabs;{};"[""Comanche"",""Modern""]";;"{""age"":21,""outfit"":""Surf bikini, wetsuit""}";2025-12-02 04:52:55.920002+00;2025-12-02 05:55:04.881286+00;professional
61f1c4c9-229d-45fc-b1fc-1cbe3f52b7ae;Sierra;;Mountainhigh;Sierra Mountainhigh;Outdoor Model;2020s;Colorado outdoor brand model in athletic hiking gear. Adventure lifestyle and mountain fashion showcase outdoor recreation equipment for major sporting goods companies.;;elevenlabs;{};"[""Crow"",""Modern""]";;"{""age"":24,""outfit"":""Athletic hiking gear""}";2025-12-02 04:52:55.920002+00;2025-12-02 05:55:04.881286+00;professional
ed3bc5f3-b3e1-4dc5-8540-5fe4ee6fc7b1;Luna;;Moonlight;Luna Moonlight;Night Club DJ;2020s;Chicago DJ in club wear with crop tops and leather shorts. Electronic music sets and nightlife fashion energize the Windy Citys underground dance music scene nightly.;;elevenlabs;{};"[""Blackfeet"",""Modern""]";;"{""age"":22,""outfit"":""Crop top, leather shorts""}";2025-12-02 04:52:55.920002+00;2025-12-02 05:55:04.881286+00;professional
29b7b035-3d79-414b-bdfe-4ce76031ae4f;Stella;;Starfire;Stella Starfire;Pop Star;2020s;Rising pop music star in stage outfits with sparkles and glamour. Chart-topping singles and dazzling performance fashion captivate audiences at sold-out concert venues.;;elevenlabs;{};"[""Lakota"",""Modern""]";;"{""age"":20,""outfit"":""Stage outfit, sparkles""}";2025-12-02 04:52:55.920002+00;2025-12-02 05:55:04.881286+00;professional
83c432eb-6994-4517-9405-44a6da634c81;Venus;;Sunrise;Venus Sunrise;Beauty Vlogger;2020s;LA beauty YouTuber in trendy streetwear and sneakers. Makeup tutorials and fashion hauls influence millions of subscribers seeking beauty and style advice online daily.;;elevenlabs;{};"[""Cherokee"",""Modern""]";;"{""age"":23,""outfit"":""Trendy streetwear, sneakers""}";2025-12-02 04:52:55.920002+00;2025-12-02 05:55:04.881286+00;professional
dd1d3c6c-4b19-4de6-807e-da4723005cad;Iris;;Rainbow;Iris Rainbow;Pride Ambassador;2020s;San Francisco pride icon in rainbow outfits with pride flag. LGBTQ+ advocacy and colorful fashion celebrate diversity and inclusion at major pride events throughout year.;;elevenlabs;{};"[""Apache"",""Modern""]";;"{""age"":25,""outfit"":""Rainbow outfit, pride flag""}";2025-12-02 04:52:55.920002+00;2025-12-02 05:55:04.881286+00;professional
ec5262f6-7341-4a8a-a00b-50e51a330869;Violet;;Twilight;Violet Twilight;Art Gallery Owner;2020s;Santa Fe art gallery owner in bohemian chic fashion. Southwestern art scene and artistic style curate contemporary Native American art for sophisticated collectors.;;elevenlabs;{};"[""Navajo"",""Modern""]";;"{""age"":26,""outfit"":""Bohemian chic, statement jewelry""}";2025-12-02 04:52:55.920002+00;2025-12-02 05:55:04.881286+00;professional
fe050b77-9bf8-49ab-a0d6-14bdf55fb7b1;Rose;;Petal;Rose Petal;Wedding Planner;2020s;Charleston wedding planner in elegant professional attire. Southern wedding traditions and refined fashion coordinate dream ceremonies for brides across the Southeast region.;;elevenlabs;{};"[""Cheyenne"",""Modern""]";;"{""age"":24,""outfit"":""Elegant dress, professional heels""}";2025-12-02 04:52:55.920002+00;2025-12-02 05:55:04.881286+00;professional
8fad6efd-37af-48d0-9fbe-f4a720fbc97d;Lily;;Whitecloud;Lily Whitecloud;Makeup Artist;2020s;Las Vegas makeup artist in edgy all-black fashion. Dramatic stage makeup and alternative style work with top Vegas entertainers and celebrities for major shows.;;elevenlabs;{};"[""Comanche"",""Modern""]";;"{""age"":22,""outfit"":""All black, edgy accessories""}";2025-12-02 04:52:55.920002+00;2025-12-02 05:55:04.881286+00;professional
26824e47-c44a-4812-bbc8-cd1db83c3f3d;Daisy;;Sunshine;Daisy Sunshine;Kindergarten Teacher;2020s;Phoenix kindergarten teacher in casual cute fashion. Colorful teaching outfits and warm personality inspire young students learning and creativity in early education daily.;;elevenlabs;{};"[""Crow"",""Modern""]";;"{""age"":23,""outfit"":""Casual cute, comfortable flats""}";2025-12-02 04:52:55.920002+00;2025-12-02 05:55:04.881286+00;professional
a0192d96-9130-47b3-81b5-7d92c3723613;Jasmine;;Nightsky;Jasmine Nightsky;Real Estate Agent;2020s;Scottsdale real estate agent in power suits and designer bags. Luxury property sales and professional fashion close million-dollar deals in exclusive Arizona desert communities.;;elevenlabs;{};"[""Blackfeet"",""Modern""]";;"{""age"":25,""outfit"":""Power suit, designer bag""}";2025-12-02 04:52:55.920002+00;2025-12-02 05:55:04.881286+00;professional
a35c9d52-8dd7-42e9-80f0-ce4a79559b9e;Poppy;;Redriver;Poppy Redriver;Food Blogger;2020s;New Orleans food blogger in casual chic streetwear. Culinary adventures and foodie fashion document the vibrant Louisiana restaurant and street food scene for followers.;;elevenlabs;{};"[""Lakota"",""Modern""]";;"{""age"":21,""outfit"":""Casual chic, comfortable sneakers""}";2025-12-02 04:52:55.920002+00;2025-12-02 05:55:04.881286+00;professional
7f3ce14a-d845-4d00-b751-e8e373a8704f;Magnolia;;Sweetwater;Magnolia Sweetwater;Interior Designer;2020s;Nashville interior designer in sophisticated modern fashion. Southern design aesthetics and stylish professional wear transform homes into beautiful living spaces for clients.;;elevenlabs;{};"[""Cherokee"",""Modern""]";;"{""age"":26,""outfit"":""Sophisticated modern, heels""}";2025-12-02 04:52:55.920002+00;2025-12-02 05:55:04.881286+00;professional
4033ece6-c975-41af-97e4-2dec6498d0cc;Azalea;;Bluewater;Azalea Bluewater;Travel Vlogger;2020s;Seattle travel vlogger in adventure-ready casual wear. Global destinations and practical travel fashion inspire wanderlust and adventure for millions of YouTube subscribers worldwide.;;elevenlabs;{};"[""Apache"",""Modern""]";;"{""age"":24,""outfit"":""Adventure casual, backpack""}";2025-12-02 04:52:55.920002+00;2025-12-02 05:55:04.881286+00;professional
ead80603-1475-434b-8fc6-2c99ed50842a;Dahlia;;Goldwater;Dahlia Goldwater;Personal Trainer;2020s;San Diego personal trainer in athletic performance wear. Fitness expertise and workout fashion help clients achieve health goals at exclusive California training facilities daily.;;elevenlabs;{};"[""Navajo"",""Modern""]";;"{""age"":22,""outfit"":""Athletic wear, training shoes""}";2025-12-02 04:52:55.920002+00;2025-12-02 05:55:04.881286+00;professional
b52bd4b7-5359-4ee8-b8b2-6936544f84f5;Peony;;Silverwater;Peony Silverwater;Photographer;2020s;Brooklyn photographer in artistic hipster fashion. Creative photography and urban style capture New York City street life and fashion for editorial magazine publications regularly.;;elevenlabs;{};"[""Cheyenne"",""Modern""]";;"{""age"":25,""outfit"":""Artistic hipster, camera bag""}";2025-12-02 04:52:55.920002+00;2025-12-02 05:55:04.881286+00;professional
63a4dd7a-cd60-4263-a228-5bf108b0e9d5;Orchid;;Clearsky;Orchid Clearsky;Jewelry Designer;2020s;Sedona jewelry designer in artistic boho fashion. Handcrafted Native-inspired jewelry and creative style showcase traditional designs with contemporary artistic sensibility always.;;elevenlabs;{};"[""Comanche"",""Modern""]";;"{""age"":23,""outfit"":""Artistic boho, handmade jewelry""}";2025-12-02 04:52:55.920002+00;2025-12-02 05:55:04.881286+00;professional
c4d50424-f43a-4dae-93f4-dd9d1789d5e0;Tulip;;Brightsky;Tulip Brightsky;Graphic Designer;2020s;Portland graphic designer in trendy creative fashion. Digital art expertise and indie style design brand identities for startups and creative companies throughout Pacific Northwest.;;elevenlabs;{};"[""Crow"",""Modern""]";;"{""age"":24,""outfit"":""Trendy creative, vintage tee""}";2025-12-02 04:52:55.920002+00;2025-12-02 05:55:04.881286+00;professional
8c148d5c-f7e5-4a69-8d3d-d38e4218cf47;Marigold;;Firewater;Marigold Firewater;Barista;2020s;Austin barista in hipster coffee shop fashion. Specialty coffee craft and alternative style serve artisan beverages at trendy downtown Austin coffee culture hotspot daily.;;elevenlabs;{};"[""Blackfeet"",""Modern""]";;"{""age"":20,""outfit"":""Hipster casual, apron, tattoos""}";2025-12-02 04:52:55.920002+00;2025-12-02 05:55:04.881286+00;professional
09f389c2-3e36-43c9-b022-35ee4d6b4ca2;Sunflower;;Warmbreeze;Sunflower Warmbreeze;Farmer Market Vendor;2020s;Boulder farmer market vendor in earth-tone organic fashion. Sustainable agriculture and natural style sell fresh organic produce at Colorado farmers markets every weekend.;;elevenlabs;{};"[""Lakota"",""Modern""]";;"{""age"":26,""outfit"":""Earth tones, sun hat, sandals""}";2025-12-02 04:52:55.920002+00;2025-12-02 05:55:04.881286+00;professional
4829c67d-d896-43c3-b6b3-5501297bc993;Lavender;;Softbreeze;Lavender Softbreeze;Aromatherapist;2020s;San Francisco aromatherapist in calming natural fashion. Holistic wellness expertise and peaceful style provide relaxation services at Bay Area spa and wellness centers.;;elevenlabs;{};"[""Cherokee"",""Modern""]";;"{""age"":25,""outfit"":""Natural calm, loose clothing""}";2025-12-02 04:52:55.920002+00;2025-12-02 05:55:04.881286+00;professional
56757fd3-9fba-49b0-abeb-69be0d9d368f;Clover;;Luckyday;Clover Luckyday;Casino Dealer;2020s;Atlantic City casino dealer in elegant casino fashion. Professional card dealing and sophisticated style work the high-stakes tables at major East Coast gambling establishments.;;elevenlabs;{};"[""Apache"",""Modern""]";;"{""age"":23,""outfit"":""Elegant casino, vest, bow tie""}";2025-12-02 04:52:55.920002+00;2025-12-02 05:55:04.881286+00;professional
cfe9e985-6f8b-41cf-93ed-b6926e9167e8;Ivy;;Greenstone;Ivy Greenstone;Librarian;2020s;Seattle librarian in smart casual intellectual fashion. Literary knowledge and bookish style curate reading collections and host book clubs at urban public library branches.;;elevenlabs;{};"[""Navajo"",""Modern""]";;"{""age"":24,""outfit"":""Smart casual, glasses, cardigan""}";2025-12-02 04:52:55.920002+00;2025-12-02 05:55:04.881286+00;professional
40963e41-a876-43dd-87d9-a3dccca3628e;Fern;;Earthwalker;Fern Earthwalker;Environmental Scientist;2020s;Denver environmental scientist in practical field fashion. Climate research and outdoor-ready style conduct environmental studies protecting Rocky Mountain ecosystems and wildlife.;;elevenlabs;{};"[""Cheyenne"",""Modern""]";;"{""age"":26,""outfit"":""Practical field, hiking boots""}";2025-12-02 04:52:55.920002+00;2025-12-02 05:55:04.881286+00;professional
062ebfbd-fd1c-441e-aca7-ce291cec208e;Heather;;Stormwalker;Heather Stormwalker;News Reporter;2020s;Minneapolis news reporter in professional broadcast fashion. Investigative journalism and camera-ready style deliver breaking news stories for major Midwest television network station.;;elevenlabs;{};"[""Comanche"",""Modern""]";;"{""age"":25,""outfit"":""Professional broadcast, blazer""}";2025-12-02 04:52:55.920002+00;2025-12-02 05:55:04.881286+00;professional
ca23ecc5-3495-4bf4-addf-93df933a06f9;Blossom;;Springwater;Blossom Springwater;Florist;2020s;Portland florist in artistic garden fashion. Floral design expertise and natural style create beautiful arrangements for weddings and events throughout Pacific Northwest region.;;elevenlabs;{};"[""Crow"",""Modern""]";;"{""age"":22,""outfit"":""Artistic garden, floral apron""}";2025-12-02 04:52:55.920002+00;2025-12-02 05:55:04.881286+00;professional
d0538629-ec92-4834-b56b-80329dc7414e;Pearl;;Oceanwave;Pearl Oceanwave;Marine Biologist;2020s;San Diego marine biologist in practical research fashion. Ocean conservation work and scientific style study marine ecosystems protecting endangered species in Pacific waters daily.;;elevenlabs;{};"[""Lakota"",""Modern""]";;"{""age"":26,""outfit"":""Practical research, wetsuit""}";2025-12-02 04:52:55.920002+00;2025-12-02 05:55:04.881286+00;professional
1f4937ef-2ba5-49ae-8fcd-a2d664764d7b;Coral;;Seabreeze;Coral Seabreeze;Cruise Director;2020s;Miami cruise director in nautical chic fashion. Luxury cruise entertainment and resort-style wear coordinate activities for thousands of passengers on Caribbean voyages.;;elevenlabs;{};"[""Cherokee"",""Modern""]";;"{""age"":25,""outfit"":""Nautical chic, white dress""}";2025-12-02 04:52:55.920002+00;2025-12-02 05:55:04.881286+00;professional
f4c75baf-a24e-4e1b-b85a-ef0cb84531cd;Marina;;Deepwater;Marina Deepwater;Yacht Sales;2020s;Fort Lauderdale yacht sales in luxury maritime fashion. High-end boat sales and sophisticated nautical style sell million-dollar yachts to wealthy clients in Florida.;;elevenlabs;{};"[""Apache"",""Modern""]";;"{""age"":24,""outfit"":""Luxury maritime, designer sunglasses""}";2025-12-02 04:52:55.920002+00;2025-12-02 05:55:04.881286+00;professional
87760814-c6e4-42fd-b4df-f9ec706a8e8a;Bay;;Saltwater;Bay Saltwater;Surf Shop Owner;2020s;Huntington Beach surf shop owner in beachy casual fashion. Surfing culture and laid-back beach style run popular California surf shop selling boards and beachwear.;;elevenlabs;{};"[""Navajo"",""Modern""]";;"{""age"":23,""outfit"":""Beachy casual, surf brand tees""}";2025-12-02 04:52:55.920002+00;2025-12-02 05:55:04.881286+00;professional
1e87a397-d3bc-4946-82e1-8344dc880dcf;Harbor;;Tideland;Harbor Tideland;Fishing Guide;2020s;Key West fishing guide in practical maritime fashion. Deep sea fishing expertise and functional outdoor wear lead charter fishing expeditions in Florida Keys waters.;;elevenlabs;{};"[""Cheyenne"",""Modern""]";;"{""age"":26,""outfit"":""Practical maritime, fishing gear""}";2025-12-02 04:52:55.920002+00;2025-12-02 05:55:04.881286+00;professional
1c7a76bf-1d05-4018-a88f-b04f4c2c4683;Reef;;Clearwater;Reef Clearwater;Scuba Instructor;2020s;Maui scuba instructor in wetsuit adventure fashion. Underwater diving expertise and aquatic style teach certification courses and lead dive tours in Hawaiian waters.;;elevenlabs;{};"[""Comanche"",""Modern""]";;"{""age"":22,""outfit"":""Wetsuit, dive gear""}";2025-12-02 04:52:55.920002+00;2025-12-02 05:55:04.881286+00;professional
3c3f9795-53be-4c20-a214-a7ac94fe4c4e;Dune;;Seashell;Dune Seashell;Beach Wedding Planner;2020s;Outer Banks wedding planner in elegant coastal fashion. Beachside ceremonies and refined seaside style coordinate destination weddings along North Carolina barrier islands.;;elevenlabs;{};"[""Blackfeet"",""Modern""]";;"{""age"":24,""outfit"":""Elegant coastal, flowing fabrics""}";2025-12-02 04:52:55.920002+00;2025-12-02 05:55:04.881286+00;professional
0b5d87d3-3858-4c5d-9612-23c4d281a992;Coast;;Lighthouse;Coast Lighthouse;Tour Guide;2020s;San Francisco tour guide in casual urban fashion. City tourism expertise and approachable style lead guided tours showcasing iconic landmarks and hidden gems for visitors.;;elevenlabs;{};"[""Lakota"",""Modern""]";;"{""age"":23,""outfit"":""Casual urban, comfortable shoes""}";2025-12-02 04:52:55.920002+00;2025-12-02 05:55:04.881286+00;professional
6a17e397-30c8-46f2-94e6-cd99ebf5a2ae;Breeze;;Palmtree;Breeze Palmtree;Hotel Concierge;2020s;Miami Beach hotel concierge in upscale hospitality fashion. Luxury service expertise and professional polish assist guests at exclusive South Beach oceanfront hotel property.;;elevenlabs;{};"[""Cherokee"",""Modern""]";;"{""age"":26,""outfit"":""Upscale hospitality, tailored suit""}";2025-12-02 04:52:55.920002+00;2025-12-02 05:55:04.881286+00;professional
e8509d4b-a119-477d-96f9-b69f03899fb5;Wave;;Sandcastle;Wave Sandcastle;Beach Resort Manager;2020s;Cabo resort manager in tropical resort fashion. Luxury hospitality and beachside elegance manage five-star Mexican resort property serving international vacationers year-round.;;elevenlabs;{};"[""Crow"",""Modern""]";https://pvlqwxkgovjwqhpqnssl.supabase.co/storage/v1/object/public/actor-images/portraits/e8509d4b-a119-477d-96f9-b69f03899fb5-1764655421595.png;"{""age"":25,""outfit"":""Tropical resort, linen dress""}";2025-12-02 04:52:55.920002+00;2025-12-02 06:03:43.684924+00;professional